image_filename,num_factura,split,tipo_foto,fecha,nit,razon_social,monto_total
factura_1222.jpeg,1222,train,bien_tomada,01/07/2026,93242544,ENCINAS,"61,00"
factura_1223.jpeg,1223,train,bien_tomada,01/07/2026,14516147,HUANCA JHOSELIN,"10,00"
factura_1224.jpeg,1224,train,bien_tomada,01/07/2026,8695989,SARSO,"15,00"
factura_1225.jpeg,1225,train,bien_tomada,01/07/2026,8816009,LOPEZ,"8,00"
factura_1226.jpeg,1226,train,bien_tomada,01/07/2026,8020783,OLMOS,"258,00"
factura_1227.jpeg,1227,train,bien_tomada,01/07/2026,0,SIN NOMBRE,"0,00"
factura_1228.jpeg,1228,train,bien_tomada,01/07/2026,4388102,VARGAS,"98,00"
factura_1229.jpeg,1229,train,bien_tomada,01/07/2026,9350323,LEDEZMA,"66,00"
factura_1230.jpeg,1230,train,bien_tomada,01/07/2026,0,RODRIGUEZ,"9,00"
factura_1231.jpeg,1231,train,bien_tomada,01/07/2026,9461534,MURIEL ISABEL,"70,00"
factura_1232_1.jpeg,1232,train,bien_tomada,01/07/2026,99003,VENTAS MENORES DEL DIA,"74,00"
factura_1232_2.jpeg,1232,train,bien_tomada,01/07/2026,99003,VENTAS MENORES DEL DIA,"74,00"
factura_1232_3.jpeg,1232,train,bien_tomada,01/07/2026,99003,VENTAS MENORES DEL DIA,"74,00"
factura_1233.jpeg,1233,train,bien_tomada,02/07/2026,4403101,LAREDO,"62,00"
factura_1234.jpeg,1234,train,bien_tomada,02/07/2026,5245408,FLORES MIGUEL,"95,00"
factura_1235.jpeg,1235,train,bien_tomada,02/07/2026,13770804,ZARATE,"12,00"
factura_1236.jpeg,1236,train,bien_tomada,02/07/2026,0,FLORES,"13,50"
factura_1237.jpeg,1237,train,bien_tomada,02/07/2026,0,FLORES,"8,50"
factura_1238.jpeg,1238,train,bien_tomada,02/07/2026,1427299,ORLANDO,"14,00"
factura_1239.jpeg,1239,train,bien_tomada,02/07/2026,2773154,CADIMA,"46,00"
factura_1240_1.jpeg,1240,train,bien_tomada,02/07/2026,99003,VENTAS MENORES DEL DIA,"84,50"
factura_1240_2.jpeg,1240,train,bien_tomada,02/07/2026,99003,VENTAS MENORES DEL DIA,"84,50"
factura_1241.jpeg,1241,train,bien_tomada,03/07/2026,0,SANCHEZ,"29,00"
factura_1242.jpeg,1242,train,bien_tomada,03/07/2026,345637,ENRIQUEZ DAVID,"230,00"
factura_1243.jpeg,1243,train,bien_tomada,03/07/2026,0,PANIAGUA,"30,00"
factura_1244.jpeg,1244,train,bien_tomada,03/07/2026,12651780,BRIAN PEÑAFIEL,"49,00"
factura_1245.jpeg,1245,train,bien_tomada,03/07/2026,0,DAVID ENRIQUEZ,"8,50"
factura_1246.jpeg,1246,train,bien_tomada,03/07/2026,0,PINTO CARLOS,"9,00"
factura_1247.jpeg,1247,train,bien_tomada,03/07/2026,2910417,CHRISTIAN,"20,00"
factura_1248.jpeg,1248,train,bien_tomada,03/07/2026,6435933,RAMIREZ,"10,50"
factura_1249.jpeg,1249,train,bien_tomada,03/07/2026,6435933,RAMIREZ,"39,00"
factura_1250.jpeg,1250,train,bien_tomada,03/07/2026,15294890,MADISON MAMANI,"7,00"
factura_1251.jpeg,1251,train,bien_tomada,03/07/2026,6479150012,MIGUEL GILL HURTADO,"85,00"
factura_1252.jpeg,1252,train,bien_tomada,03/07/2026,0,JOSE PERALES,"200,00"
factura_1253_1.jpeg,1253,train,bien_tomada,03/07/2026,99003,VENTAS MENORES DEL DIA,"85,50"
factura_1253_2.jpeg,1253,train,bien_tomada,03/07/2026,99003,VENTAS MENORES DEL DIA,"85,50"
factura_1254.jpeg,1254,train,bien_tomada,04/07/2026,13260427,ANDREA VARGAS,"22,00"
factura_1255.jpeg,1255,train,bien_tomada,04/07/2026,7553076,MARIA DEL CARMEN OLIVA,"14,00"
factura_1256.jpeg,1256,train,bien_tomada,04/07/2026,14983023,MAITA CUICO CARMEN,"43,00"
factura_1257.jpeg,1257,train,bien_tomada,04/07/2026,4488266,ZELAYA PABLO,"14,00"
factura_1258.jpeg,1258,train,bien_tomada,04/07/2026,8675863,BERTHA VERA,"26,00"
factura_1259.jpeg,1259,train,bien_tomada,04/07/2026,14381747,JHOSELINE APAZA,"5,00"
factura_1260.jpeg,1260,train,bien_tomada,04/07/2026,8746842,SANCHEZ,"15,00"
factura_1261.jpeg,1261,train,bien_tomada,04/07/2026,7863695,FLORES,"15,00"
factura_1262.jpeg,1262,train,bien_tomada,04/07/2026,7865953,MACHACA ROXANA,"285,00"
factura_1263_1.jpeg,1263,train,bien_tomada,04/07/2026,99003,VENTAS MENORES DEL DIA,"109,50"
factura_1263_2.jpeg,1263,train,bien_tomada,04/07/2026,99003,VENTAS MENORES DEL DIA,"109,50"
factura_1264.jpeg,1264,train,bien_tomada,05/07/2026,10787966,NINA,"158,00"
factura_1265.jpeg,1265,train,bien_tomada,05/07/2026,4039098,VILLAZON,"105,00"
factura_1267.jpeg,1267,train,bien_tomada,05/07/2026,1917297,VARINIA,"100,00"
factura_1268.jpeg,1268,train,bien_tomada,05/07/2026,5245806018,PATZI,"20,00"
factura_1269.jpeg,1269,train,bien_tomada,05/07/2026,0,NATALIA CALUSTRO,"20,00"
factura_1270.jpeg,1270,train,bien_tomada,05/07/2026,4309678019,TARQUINU,"105,00"
factura_1271.jpeg,1271,train,bien_tomada,05/07/2026,0,MIRANDA,"25,00"
factura_1272.jpeg,1272,train,bien_tomada,05/07/2026,0,EMMA HERBAS,"39,50"
factura_1273.jpeg,1273,train,bien_tomada,05/07/2026,8819663,LIMACHE,"49,00"
factura_1274_1.jpeg,1274,train,bien_tomada,05/07/2026,99003,VENTAS MENORES DEL DIA,"89,50"
factura_1274_2.jpeg,1274,train,bien_tomada,05/07/2026,99003,VENTAS MENORES DEL DIA,"89,50"
factura_1275.jpeg,1275,train,bien_tomada,06/07/2026,0,WALTER VASQUEZ,"45,00"
factura_1276.jpeg,1276,train,bien_tomada,06/07/2026,5901470,JOSEFINA RAMIREZ,"57,00"
factura_1277.jpeg,1277,train,bien_tomada,06/07/2026,9411740,ROJAS,"20,50"
factura_1278.jpeg,1278,train,bien_tomada,06/07/2026,0,MADISON MAMANI,"14,50"
factura_1279.jpeg,1279,train,bien_tomada,06/07/2026,4388102,VARGAS,"60,00"
factura_1280.jpeg,1280,train,bien_tomada,06/07/2026,1423108,VANIA,"11,00"
factura_1281.jpeg,1281,train,bien_tomada,06/07/2026,0,SARZURI,"35,00"
factura_1282.jpeg,1282,train,bien_tomada,06/07/2026,4593235,ROJAS,"186,00"
factura_1283_1.jpeg,1283,train,bien_tomada,06/07/2026,99003,VENTAS MENORES DEL DIA,"63,00"
factura_1283_2.jpeg,1283,train,bien_tomada,06/07/2026,99003,VENTAS MENORES DEL DIA,"63,00"
factura_1284.jpeg,1284,train,bien_tomada,07/07/2026,6444724,SORA MADRID,"11,00"
factura_1285.jpeg,1285,train,bien_tomada,07/07/2026,5916034,GARNICA,"11,50"
factura_1286.jpeg,1286,train,bien_tomada,07/07/2026,12463779,PINTO,"23,00"
factura_1287.jpeg,1287,train,bien_tomada,07/07/2026,0,APAZA,"25,00"
factura_1288.jpeg,1288,train,bien_tomada,07/07/2026,5229432,GUTIERREZ,"120,00"
factura_1289.jpeg,1289,train,bien_tomada,07/07/2026,8034468,LOPEZ,"25,00"
factura_1311_1.jpeg,1311,train,con_sombra,09/07/2026,9303261,MAMANI,"18,00"
factura_1311_2.jpeg,1311,train,con_sombra,09/07/2026,9303261,MAMANI,"18,00"
factura_1312_1.jpeg,1312,train,con_sombra,09/07/2026,99003,VENTAS MENORES DEL DIA,"95,50"
factura_1312_2.jpeg,1312,train,con_sombra,09/07/2026,99003,VENTAS MENORES DEL DIA,"95,50"
factura_1313.jpeg,1313,train,con_sombra,10/07/2026,6420044,MOYA,"16,00"
factura_1314.jpeg,1314,train,con_sombra,10/07/2026,9517978,ZAMBRANA,"15,00"
factura_1315.jpeg,1315,train,con_sombra,10/07/2026,4388102,VARGAS,"72,00"
factura_1316.jpeg,1316,train,con_sombra,10/07/2026,3017973,RAUL TERCEROS,"115,00"
factura_1317.jpeg,1317,train,con_sombra,10/07/2026,4463101,LAREDO,"92,00"
factura_1318.jpeg,1318,train,con_sombra,10/07/2026,0,FERNANDO MERCADO,"15,00"
factura_1319.jpeg,1319,train,con_sombra,10/07/2026,6445821,MARIEL ALEJANDRA PAZ ARNEZ,"581,00"
factura_1320_1.jpeg,1320,train,con_sombra,10/07/2026,99003,VENTAS MENORES DEL DIA,"93,00"
factura_1320_2.jpeg,1320,train,con_sombra,10/07/2026,99003,VENTAS MENORES DEL DIA,"93,00"
factura_1321.jpeg,1321,train,con_sombra,11/07/2026,5318615,VILLARROEL,"133,00"
factura_1322_1.jpeg,1322,train,con_sombra,11/07/2026,17055622,USTARIZ,"9,00"
factura_1322_2.jpeg,1322,train,con_sombra,11/07/2026,17055622,USTARIZ,"9,00"
factura_1330.jpeg,1330,train,con_sombra,11/07/2026,13065470,LIZETH ESPINOZA,"12,50"
factura_1331.jpeg,1331,train,con_sombra,11/07/2026,15989408,JOSE ESCALERA,"20,00"
factura_1332.jpeg,1332,train,con_sombra,11/07/2026,6494683,MAMANI CONDORI DAVID,"8,00"
factura_1333.jpeg,1333,train,con_sombra,11/07/2026,6583865,FLORES MARIA,"430,00"
factura_1334.jpeg,1334,train,con_sombra,11/07/2026,17587685,CHAMBI,"366,00"
factura_1335)factura_1330_1.jpeg,1335)factura,train,bien_tomada,,,,
factura_1335_2.jpeg,1335,train,con_sombra,11/07/2026,99003,VENTAS MENORES DEL DIA,"103,50"
factura_1336.jpeg,1336,train,con_sombra,12/07/2026,2239206,REQUENA,"65,00"
factura_1337_1.jpeg,1337,train,con_sombra,12/07/2026,0,SIN NOMBRE,"0,00"
factura_1337_2.jpeg,1337,train,con_sombra,12/07/2026,0,SIN NOMBRE,"0,00"
factura_1338.jpeg,1338,train,con_sombra,12/07/2026,0,NOLASCO WILDER,"24,00"
factura_1339.jpeg,1339,train,con_sombra,12/07/2026,0,MENDIETA,"25,00"
factura_1341.jpeg,1341,train,con_sombra,12/07/2026,0,ISRAEL LANDIVAR,"25,00"
factura_1342.jpeg,1342,train,con_sombra,12/07/2026,0,DANIELA ENCINAS,"58,00"
factura_1361.jpeg,1361,train,con_inclinacion,14/07/2026,2773154,CADIMA,"126,00"
factura_1362.jpeg,1362,train,con_inclinacion,14/07/2026,8812571,MATOS,"37,50"
factura_1363.jpeg,1363,train,con_inclinacion,14/07/2026,13586668,AYAVIRI,"30,00"
factura_1376.jpeg,1376,train,con_inclinacion,15/07/2026,5843328,ROCABADO MIRIAM,"370,00"
factura_1377_1.jpeg,1377,train,con_inclinacion,15/07/2026,99003,VENTAS MENORES DEL DIA,"105,00"
factura_1377_2.jpeg,1377,train,con_inclinacion,15/07/2026,99003,VENTAS MENORES DEL DIA,"105,00"
factura_1377_3.jpeg,1377,train,con_inclinacion,15/07/2026,99003,VENTAS MENORES DEL DIA,"105,00"
factura_1378.jpeg,1378,train,con_inclinacion,16/07/2026,7336231,CLAUDIA TRUJILLO,"100,00"
factura_1379.jpeg,1379,train,con_inclinacion,16/07/2026,0,TROMP CARLOS,"70,00"
factura_1380.jpeg,1380,train,con_inclinacion,16/07/2026,5835538,ROCHA,"50,00"
factura_1381.jpeg,1381,train,con_inclinacion,16/07/2026,0,ESCOBAR LEYDI,"30,00"
factura_1382.jpeg,1382,train,con_inclinacion,16/07/2026,6480750,GARCIA,"12,00"
factura_1383.jpeg,1383,train,con_inclinacion,16/07/2026,5875197,MIRANDA,"44,00"
factura_1385_1.jpeg,1385,train,con_inclinacion,16/07/2026,99003,VENTAS MENORES DEL DIA,"100,50"
factura_1385_2.jpeg,1385,train,con_inclinacion,16/07/2026,99003,VENTAS MENORES DEL DIA,"100,50"
factura_1386.jpeg,1386,train,con_inclinacion,17/07/2026,6771532,CRISTIAN PARDO CRUZ,"27,00"
factura_1387.jpeg,1387,train,con_inclinacion,17/07/2026,3501712,JONATHAN PORCEL ALANDIA,"28,00"
factura_1388.jpeg,1388,train,con_inclinacion,17/07/2026,9348420,GODOY POMA,"40,00"
factura_1389.jpeg,1389,train,con_inclinacion,17/07/2026,5875197,MIRANDA,"117,00"
factura_1390.jpeg,1390,train,con_inclinacion,17/07/2026,3768750,QUIÑONES,"59,00"
factura_1391.jpeg,1391,train,con_inclinacion,17/07/2026,0,CRESPO JHONNY,"10,00"
factura_1392.jpeg,1392,train,con_inclinacion,17/07/2026,3768750,QUIÑONES,"50,00"
factura_1393.jpeg,1393,train,con_inclinacion,17/07/2026,17943912,CHAMBI,"89,50"
factura_1394.jpeg,1394,train,con_inclinacion,17/07/2026,8815281,PINAYA,"10,00"
factura_1395.jpeg,1395,train,con_inclinacion,17/07/2026,4392921,AGUANTA,"106,00"
factura_1396.jpeg,1396,train,con_inclinacion,17/07/2026,64457480,MENA,"150,00"
factura_1397.jpeg,1397,train,con_inclinacion,17/07/2026,5245408,FLORES,"21,50"
factura_1398.jpeg,1398,train,con_inclinacion,17/07/2026,0,ENCINAS,"30,00"
factura_1399.jpeg,1399,train,con_inclinacion,17/07/2026,6499795,BASPINEIRO,"30,00"
factura_1400.jpeg,1400,train,con_inclinacion,17/07/2026,13035572,PINOLA ALEJANDRA,"66,50"
factura_1290_1.jpeg,1290,validation,bien_tomada,07/07/2026,0,SALVATIERRA,"52,00"
factura_1290_2.jpeg,1290,validation,bien_tomada,07/07/2026,0,SALVATIERRA,"52,00"
factura_1291.jpeg,1291,validation,bien_tomada,07/07/2026,0,MEDRANO EDSON,"22,00"
factura_1292.jpeg,1292,validation,bien_tomada,07/07/2026,0,RADIO  MOVIL CARIBE,"22,00"
factura_1293.jpeg,1293,validation,bien_tomada,07/07/2026,6715997,CHOQUERIBE,"16,00"
factura_1294_1.jpeg,1294,validation,bien_tomada,07/07/2026,0,SIN NOMBRE,"0,00"
factura_1294_2.jpeg,1294,validation,bien_tomada,07/07/2026,0,SIN NOMBRE,"0,00"
factura_1295.jpeg,1295,validation,bien_tomada,07/07/2026,5311040017,MADRID,"21,00"
factura_1296_1.jpeg,1296,validation,bien_tomada,07/07/2026,99003,VENTAS MENORES DEL DIA,"102,00"
factura_1296_2.jpeg,1296,validation,bien_tomada,07/07/2026,99003,VENTAS MENORES DEL DIA,"102,00"
factura_1296_3.jpeg,1296,validation,bien_tomada,07/07/2026,99003,VENTAS MENORES DEL DIA,"102,00"
factura_1297.jpeg,1297,validation,bien_tomada,08/07/2026,5310525,RAMEIREZ,"120,00"
factura_1298.jpeg,1298,validation,bien_tomada,08/07/2026,5939126,ALVAREZ,"18,00"
factura_1299.jpeg,1299,validation,bien_tomada,08/07/2026,5920267,ARNEZ,"16,00"
factura_1300.jpeg,1300,validation,bien_tomada,08/07/2026,0,MENDOZA,"12,00"
factura_1301.jpeg,1301,validation,bien_tomada,08/07/2026,5229432,GUTIERREZ,"105,00"
factura_1302_1.jpeg,1302,validation,bien_tomada,08/07/2026,99003,VENTAS MENORES DEL DIA,"76,50"
factura_1302_2.jpeg,1302,validation,bien_tomada,08/07/2026,99003,VENTAS MENORES DEL DIA,"76,50"
factura_1303.jpeg,1303,validation,bien_tomada,09/07/2026,6445473,TRIVEÑO,"53,00"
factura_1304.jpeg,1304,validation,bien_tomada,09/07/2026,0,MAMANI,"25,00"
factura_1305.jpeg,1305,validation,bien_tomada,09/07/2026,9342544,ENCINAS,"20,00"
factura_1306.jpeg,1306,validation,bien_tomada,09/07/2026,17585776,NEYTHAN ZAMBRANA CHAMBI,"160,00"
factura_1307.jpeg,1307,validation,bien_tomada,09/07/2026,9524653,ROSALES,"206,00"
factura_1323.jpeg,1323,validation,con_sombra,11/07/2026,6538752,PARRA,"15,00"
factura_1324.jpeg,1324,validation,con_sombra,11/07/2026,4392921,AGUANTA,"88,00"
factura_1325.jpeg,1325,validation,con_sombra,11/07/2026,0,ROXANA APAZA,"260,00"
factura_1326.jpeg,1326,validation,con_sombra,11/07/2026,13110989,CUELLAR,"132,00"
factura_1327.jpeg,1327,validation,con_sombra,11/07/2026,0,ESPINOZA MAYRA,"10,00"
factura_1328.jpeg,1328,validation,con_sombra,11/07/2026,0,MONTAÑO,"19,00"
factura_1329.jpeg,1329,validation,con_sombra,11/07/2026,275953,VELASQUEZ,"77,00"
factura_1373.jpeg,1373,validation,con_inclinacion,15/07/2026,601162024,PIRES GIOVANETTI GUARDIA PERU SAC (SUCURSAL BOLIVIA),"86,00"
factura_1374.jpeg,1374,validation,con_inclinacion,15/07/2026,0,MIGUEL FLORES,"10,00"
factura_1375.jpeg,1375,validation,con_inclinacion,15/07/2026,6453873,RAMIREZ JOSUE,"27,00"
factura_1308_1.jpeg,1308,test,bien_tomada,09/07/2026,0,KEVIN PINAYA,"24,00"
factura_1309_1.jpeg,1309,test,bien_tomada,09/07/2026,0,FRANKLIN SERRANO,"114,00"
factura_1310.jpeg,1310,test,bien_tomada,09/07/2026,8814073,TERCEROS,"19,00"
factura_1343.jpeg,1343,test,con_sombra,12/07/2026,0,VARGAS,"38,00"
factura_1344.jpeg,1344,test,con_sombra,12/07/2026,5308857011,BRANDON PATIÑO,"40,00"
factura_1345.jpeg,1345,test,con_sombra,12/07/2026,0,ESPINOZA,"22,50"
factura_1347.jpeg,1347,test,con_sombra,12/07/2026,0,MENDIETA,"45,50"
factura_1348.jpeg,1348,test,con_sombra,12/07/2026,2773154,CADIMA ORLANDO,"50,00"
factura_1349.jpeg,1349,test,con_sombra,12/07/2026,2773154,CADIMA,"50,00"
factura_1350.jpeg,1350,test,con_sombra,12/07/2026,0,TORRICO,"534,00"
factura_1351.jpeg,1351,test,bien_tomada,12/07/2026,99003,VENTAS MENORES DEL DIA,"97,50"
factura_1351_1.jpeg,1351,test,bien_tomada,12/07/2026,99003,VENTAS MENORES DEL DIA,"97,50"
factura_1352.jpeg,1352,test,bien_tomada,13/07/2026,5229331,TORRICO,"65,00"
factura_1353.jpeg,1353,test,bien_tomada,13/07/2026,3724067,DAVID CANDIA,"167,00"
factura_1354.jpeg,1354,test,bien_tomada,13/07/2026,0,SAAVEDRA,"17,00"
factura_1355.jpeg,1355,test,bien_tomada,13/07/2026,0,SALVATIERRA,"27,00"
factura_1356.jpeg,1356,test,bien_tomada,13/07/2026,14162910,JUAN,"19,00"
factura_1357.jpeg,1357,test,bien_tomada,13/07/2026,14162910,JUAN,"35,00"
factura_1358.jpeg,1358,test,bien_tomada,13/07/2026,5318615,VILLARROEL,"63,00"
factura_1359.jpeg,1359,test,bien_tomada,13/07/2026,99003,VENTAS MENORES DEL DIA,"87,50"
factura_1359_2.jpeg,1359,test,bien_tomada,13/07/2026,99003,VENTAS MENORES DEL DIA,"87,50"
factura_1360.jpeg,1360,test,bien_tomada,14/07/2026,7956644,DANIELA ENCINAS,"17,00"
factura_1364.jpeg,1364,test,con_inclinacion,14/07/2026,8972815,MARIA DEL CARMEN OLIVA ROJAS,"10,00"
factura_1365.jpeg,1365,test,con_inclinacion,14/07/2026,12494466,ECOBAR,"88,00"
factura_1366_1.jpeg,1366,test,con_inclinacion,14/07/2026,99003,VENTAS MENORES DEL DIA,"95,50"
factura_1366_2.jpeg,1366,test,con_inclinacion,14/07/2026,99003,VENTAS MENORES DEL DIA,"95,50"
factura_1367.jpeg,1367,test,con_inclinacion,15/07/2026,6445218,ARCE,"10,00"
factura_1368.jpeg,1368,test,con_inclinacion,15/07/2026,8239515,PAOLA MAYAN,"1.000,00"
factura_1369.jpeg,1369,test,con_inclinacion,15/07/2026,6495261,HEREDIA,"17,00"
factura_1370.jpeg,1370,test,con_inclinacion,15/07/2026,8813764011,ROSALES,"389,00"
factura_1371.jpeg,1371,test,con_inclinacion,15/07/2026,5932237,ARIAS,"25,00"
factura_1372.jpeg,1372,test,con_inclinacion,15/07/2026,8182182,TELLERIA,"27,00"
