Nº;ESPECIFICACION;FECHA DE LA FACTURA;N° DE LA FACTURA;CODIGO DE AUTORIZACION;NIT / CI CLIENTE;COMPLEMENTO;NOMBRE O RAZON SOCIAL;IMPORTE TOTAL DE LA VENTA;IMPORTE ICE;IMPORTE IEHD;IMPORTE IPJ;TASAS;OTROS NO SUJETOS AL IVA;EXPORTACIONES Y OPERACIONES EXENTAS;VENTAS GRAVADAS A TASA CERO;SUBTOTAL;DESCUENTOS, BONIFICACIONES Y REBAJAS SUJETAS AL IVA;IMPORTE GIFT CARD;IMPORTE BASE PARA DEBITO FISCAL;DEBITO FISCAL;ESTADO;CODIGO DE CONTROL;TIPO DE VENTA
1;2;01/07/2026;1222;1016CA738D81A;93242544;;ENCINAS;61,00;0,00;0,00;0,00;0,00;0,00;0,00;0,00;61,00;0,00;0,00;61,00;7,93;V;0;0
2;2;01/07/2026;1223;1016CA738D81A;14516147;;HUANCA JHOSELIN;10,00;0,00;0,00;0,00;0,00;0,00;0,00;0,00;10,00;0,00;0,00;10,00;1,30;V;0;0
3;2;01/07/2026;1224;1016CA738D81A;8695989;;SARSO;15,00;0,00;0,00;0,00;0,00;0,00;0,00;0,00;15,00;0,00;0,00;15,00;1,95;V;0;0
4;2;01/07/2026;1225;1016CA738D81A;8816009;;LOPEZ;8,00;0,00;0,00;0,00;0,00;0,00;0,00;0,00;8,00;0,00;0,00;8,00;1,04;V;0;0
5;2;01/07/2026;1226;1016CA738D81A;8020783;;OLMOS;258,00;0,00;0,00;0,00;0,00;0,00;0,00;0,00;258,00;0,00;0,00;258,00;33,54;V;0;0
6;2;01/07/2026;1227;1016CA738D81A;0;;SIN NOMBRE;0,00;0,00;0,00;0,00;0,00;0,00;0,00;0,00;0,00;0,00;0,00;0,00;0,00;A;0;0
7;2;01/07/2026;1228;1016CA738D81A;4388102;;VARGAS;98,00;0,00;0,00;0,00;0,00;0,00;0,00;0,00;98,00;0,00;0,00;98,00;12,74;V;0;0
8;2;01/07/2026;1229;1016CA738D81A;9350323;;LEDEZMA;66,00;0,00;0,00;0,00;0,00;0,00;0,00;0,00;66,00;0,00;0,00;66,00;8,58;V;0;0
9;2;01/07/2026;1230;1016CA738D81A;0;;RODRIGUEZ;9,00;0,00;0,00;0,00;0,00;0,00;0,00;0,00;9,00;0,00;0,00;9,00;1,17;V;0;0
10;2;01/07/2026;1231;1016CA738D81A;9461534;;MURIEL ISABEL;70,00;0,00;0,00;0,00;0,00;0,00;0,00;0,00;70,00;0,00;0,00;70,00;9,10;V;0;0
11;2;01/07/2026;1232;1016CA738D81A;99003;;VENTAS MENORES DEL DIA;74,00;0,00;0,00;0,00;0,00;0,00;0,00;0,00;74,00;0,00;0,00;74,00;9,62;V;0;0
12;2;02/07/2026;1233;1016CA738D81A;4403101;;LAREDO;62,00;0,00;0,00;0,00;0,00;0,00;0,00;0,00;62,00;0,00;0,00;62,00;8,06;V;0;0
13;2;02/07/2026;1234;1016CA738D81A;5245408;;FLORES MIGUEL;95,00;0,00;0,00;0,00;0,00;0,00;0,00;0,00;95,00;0,00;0,00;95,00;12,35;V;0;0
14;2;02/07/2026;1235;1016CA738D81A;13770804;;ZARATE;12,00;0,00;0,00;0,00;0,00;0,00;0,00;0,00;12,00;0,00;0,00;12,00;1,56;V;0;0
15;2;02/07/2026;1236;1016CA738D81A;0;;FLORES;13,50;0,00;0,00;0,00;0,00;0,00;0,00;0,00;13,50;0,00;0,00;13,50;1,76;V;0;0
16;2;02/07/2026;1237;1016CA738D81A;0;;FLORES;8,50;0,00;0,00;0,00;0,00;0,00;0,00;0,00;8,50;0,00;0,00;8,50;1,11;V;0;0
17;2;02/07/2026;1238;1016CA738D81A;1427299;;ORLANDO;14,00;0,00;0,00;0,00;0,00;0,00;0,00;0,00;14,00;0,00;0,00;14,00;1,82;V;0;0
18;2;02/07/2026;1239;1016CA738D81A;2773154;;CADIMA;46,00;0,00;0,00;0,00;0,00;0,00;0,00;0,00;46,00;0,00;0,00;46,00;5,98;V;0;0
19;2;02/07/2026;1240;1016CA738D81A;99003;;VENTAS MENORES DEL DIA;84,50;0,00;0,00;0,00;0,00;0,00;0,00;0,00;84,50;0,00;0,00;84,50;10,99;V;0;0
20;2;03/07/2026;1241;1016CA738D81A;0;;SANCHEZ;29,00;0,00;0,00;0,00;0,00;0,00;0,00;0,00;29,00;0,00;0,00;29,00;3,77;V;0;0
21;2;03/07/2026;1242;1016CA738D81A;345637;;ENRIQUEZ DAVID;230,00;0,00;0,00;0,00;0,00;0,00;0,00;0,00;230,00;0,00;0,00;230,00;29,90;V;0;0
22;2;03/07/2026;1243;1016CA738D81A;0;;PANIAGUA;30,00;0,00;0,00;0,00;0,00;0,00;0,00;0,00;30,00;0,00;0,00;30,00;3,90;V;0;0
23;2;03/07/2026;1244;1016CA738D81A;12651780;;BRIAN PEÑAFIEL;49,00;0,00;0,00;0,00;0,00;0,00;0,00;0,00;49,00;0,00;0,00;49,00;6,37;V;0;0
24;2;03/07/2026;1245;1016CA738D81A;0;;DAVID ENRIQUEZ;8,50;0,00;0,00;0,00;0,00;0,00;0,00;0,00;8,50;0,00;0,00;8,50;1,11;V;0;0
25;2;03/07/2026;1246;1016CA738D81A;0;;PINTO CARLOS;9,00;0,00;0,00;0,00;0,00;0,00;0,00;0,00;9,00;0,00;0,00;9,00;1,17;V;0;0
26;2;03/07/2026;1247;1016CA738D81A;2910417;;CHRISTIAN;20,00;0,00;0,00;0,00;0,00;0,00;0,00;0,00;20,00;0,00;0,00;20,00;2,60;V;0;0
27;2;03/07/2026;1248;1016CA738D81A;6435933;;RAMIREZ;10,50;0,00;0,00;0,00;0,00;0,00;0,00;0,00;10,50;0,00;0,00;10,50;1,37;V;0;0
28;2;03/07/2026;1249;1016CA738D81A;6435933;;RAMIREZ;39,00;0,00;0,00;0,00;0,00;0,00;0,00;0,00;39,00;0,00;0,00;39,00;5,07;V;0;0
29;2;03/07/2026;1250;1016CA738D81A;15294890;;MADISON MAMANI;7,00;0,00;0,00;0,00;0,00;0,00;0,00;0,00;7,00;0,00;0,00;7,00;0,91;V;0;0
30;2;03/07/2026;1251;1016CA738D81A;6479150012;;MIGUEL GILL HURTADO;85,00;0,00;0,00;0,00;0,00;0,00;0,00;0,00;85,00;0,00;0,00;85,00;11,05;V;0;0
31;2;03/07/2026;1252;1016CA738D81A;0;;JOSE PERALES;200,00;0,00;0,00;0,00;0,00;0,00;0,00;0,00;200,00;0,00;0,00;200,00;26,00;V;0;0
32;2;03/07/2026;1253;1016CA738D81A;99003;;VENTAS MENORES DEL DIA;85,50;0,00;0,00;0,00;0,00;0,00;0,00;0,00;85,50;0,00;0,00;85,50;11,12;V;0;0
33;2;04/07/2026;1254;1016CA738D81A;13260427;;ANDREA VARGAS;22,00;0,00;0,00;0,00;0,00;0,00;0,00;0,00;22,00;0,00;0,00;22,00;2,86;V;0;0
34;2;04/07/2026;1255;1016CA738D81A;7553076;;MARIA DEL CARMEN OLIVA;14,00;0,00;0,00;0,00;0,00;0,00;0,00;0,00;14,00;0,00;0,00;14,00;1,82;V;0;0
35;2;04/07/2026;1256;1016CA738D81A;14983023;;MAITA CUICO CARMEN;43,00;0,00;0,00;0,00;0,00;0,00;0,00;0,00;43,00;0,00;0,00;43,00;5,59;V;0;0
36;2;04/07/2026;1257;1016CA738D81A;4488266;;ZELAYA PABLO;14,00;0,00;0,00;0,00;0,00;0,00;0,00;0,00;14,00;0,00;0,00;14,00;1,82;V;0;0
37;2;04/07/2026;1258;1016CA738D81A;8675863;;BERTHA VERA;26,00;0,00;0,00;0,00;0,00;0,00;0,00;0,00;26,00;0,00;0,00;26,00;3,38;V;0;0
38;2;04/07/2026;1259;1016CA738D81A;14381747;;JHOSELINE APAZA;5,00;0,00;0,00;0,00;0,00;0,00;0,00;0,00;5,00;0,00;0,00;5,00;0,65;V;0;0
39;2;04/07/2026;1260;1016CA738D81A;8746842;;SANCHEZ;15,00;0,00;0,00;0,00;0,00;0,00;0,00;0,00;15,00;0,00;0,00;15,00;1,95;V;0;0
40;2;04/07/2026;1261;1016CA738D81A;7863695;;FLORES;15,00;0,00;0,00;0,00;0,00;0,00;0,00;0,00;15,00;0,00;0,00;15,00;1,95;V;0;0
41;2;04/07/2026;1262;1016CA738D81A;7865953;;MACHACA ROXANA;285,00;0,00;0,00;0,00;0,00;0,00;0,00;0,00;285,00;0,00;0,00;285,00;37,05;V;0;0
42;2;04/07/2026;1263;1016CA738D81A;99003;;VENTAS MENORES DEL DIA;109,50;0,00;0,00;0,00;0,00;0,00;0,00;0,00;109,50;0,00;0,00;109,50;14,24;V;0;0
43;2;05/07/2026;1264;1016CA738D81A;10787966;;NINA;158,00;0,00;0,00;0,00;0,00;0,00;0,00;0,00;158,00;0,00;0,00;158,00;20,54;V;0;0
44;2;05/07/2026;1265;1016CA738D81A;4039098;;VILLAZON;105,00;0,00;0,00;0,00;0,00;0,00;0,00;0,00;105,00;0,00;0,00;105,00;13,65;V;0;0
45;2;05/07/2026;1266;1016CA738D81A;4039098;;VILLAZON;105,00;0,00;0,00;0,00;0,00;0,00;0,00;0,00;105,00;0,00;0,00;105,00;13,65;V;0;0
46;2;05/07/2026;1267;1016CA738D81A;1917297;;VARINIA;100,00;0,00;0,00;0,00;0,00;0,00;0,00;0,00;100,00;0,00;0,00;100,00;13,00;V;0;0
47;2;05/07/2026;1268;1016CA738D81A;5245806018;;PATZI;20,00;0,00;0,00;0,00;0,00;0,00;0,00;0,00;20,00;0,00;0,00;20,00;2,60;V;0;0
48;2;05/07/2026;1269;1016CA738D81A;0;;NATALIA CALUSTRO;20,00;0,00;0,00;0,00;0,00;0,00;0,00;0,00;20,00;0,00;0,00;20,00;2,60;V;0;0
49;2;05/07/2026;1270;1016CA738D81A;4309678019;;TARQUINU;105,00;0,00;0,00;0,00;0,00;0,00;0,00;0,00;105,00;0,00;0,00;105,00;13,65;V;0;0
50;2;05/07/2026;1271;1016CA738D81A;0;;MIRANDA;25,00;0,00;0,00;0,00;0,00;0,00;0,00;0,00;25,00;0,00;0,00;25,00;3,25;V;0;0
51;2;05/07/2026;1272;1016CA738D81A;0;;EMMA HERBAS;39,50;0,00;0,00;0,00;0,00;0,00;0,00;0,00;39,50;0,00;0,00;39,50;5,14;V;0;0
52;2;05/07/2026;1273;1016CA738D81A;8819663;;LIMACHE;49,00;0,00;0,00;0,00;0,00;0,00;0,00;0,00;49,00;0,00;0,00;49,00;6,37;V;0;0
53;2;05/07/2026;1274;1016CA738D81A;99003;;VENTAS MENORES DEL DIA;89,50;0,00;0,00;0,00;0,00;0,00;0,00;0,00;89,50;0,00;0,00;89,50;11,64;V;0;0
54;2;06/07/2026;1275;1016CA738D81A;0;;WALTER VASQUEZ;45,00;0,00;0,00;0,00;0,00;0,00;0,00;0,00;45,00;0,00;0,00;45,00;5,85;V;0;0
55;2;06/07/2026;1276;1016CA738D81A;5901470;;JOSEFINA RAMIREZ;57,00;0,00;0,00;0,00;0,00;0,00;0,00;0,00;57,00;0,00;0,00;57,00;7,41;V;0;0
56;2;06/07/2026;1277;1016CA738D81A;9411740;;ROJAS;20,50;0,00;0,00;0,00;0,00;0,00;0,00;0,00;20,50;0,00;0,00;20,50;2,67;V;0;0
57;2;06/07/2026;1278;1016CA738D81A;0;;MADISON MAMANI;14,50;0,00;0,00;0,00;0,00;0,00;0,00;0,00;14,50;0,00;0,00;14,50;1,89;V;0;0
58;2;06/07/2026;1279;1016CA738D81A;4388102;;VARGAS;60,00;0,00;0,00;0,00;0,00;0,00;0,00;0,00;60,00;0,00;0,00;60,00;7,80;V;0;0
59;2;06/07/2026;1280;1016CA738D81A;1423108;;VANIA;11,00;0,00;0,00;0,00;0,00;0,00;0,00;0,00;11,00;0,00;0,00;11,00;1,43;V;0;0
60;2;06/07/2026;1281;1016CA738D81A;0;;SARZURI;35,00;0,00;0,00;0,00;0,00;0,00;0,00;0,00;35,00;0,00;0,00;35,00;4,55;V;0;0
61;2;06/07/2026;1282;1016CA738D81A;4593235;;ROJAS;186,00;0,00;0,00;0,00;0,00;0,00;0,00;0,00;186,00;0,00;0,00;186,00;24,18;V;0;0
62;2;06/07/2026;1283;1016CA738D81A;99003;;VENTAS MENORES DEL DIA;63,00;0,00;0,00;0,00;0,00;0,00;0,00;0,00;63,00;0,00;0,00;63,00;8,19;V;0;0
63;2;07/07/2026;1284;1016CA738D81A;6444724;;SORA MADRID;11,00;0,00;0,00;0,00;0,00;0,00;0,00;0,00;11,00;0,00;0,00;11,00;1,43;V;0;0
64;2;07/07/2026;1285;1016CA738D81A;5916034;;GARNICA;11,50;0,00;0,00;0,00;0,00;0,00;0,00;0,00;11,50;0,00;0,00;11,50;1,50;V;0;0
65;2;07/07/2026;1286;1016CA738D81A;12463779;;PINTO;23,00;0,00;0,00;0,00;0,00;0,00;0,00;0,00;23,00;0,00;0,00;23,00;2,99;V;0;0
66;2;07/07/2026;1287;1016CA738D81A;0;;APAZA;25,00;0,00;0,00;0,00;0,00;0,00;0,00;0,00;25,00;0,00;0,00;25,00;3,25;V;0;0
67;2;07/07/2026;1288;1016CA738D81A;5229432;;GUTIERREZ;120,00;0,00;0,00;0,00;0,00;0,00;0,00;0,00;120,00;0,00;0,00;120,00;15,60;V;0;0
68;2;07/07/2026;1289;1016CA738D81A;8034468;;LOPEZ;25,00;0,00;0,00;0,00;0,00;0,00;0,00;0,00;25,00;0,00;0,00;25,00;3,25;V;0;0
69;2;07/07/2026;1290;1016CA738D81A;0;;SALVATIERRA;52,00;0,00;0,00;0,00;0,00;0,00;0,00;0,00;52,00;0,00;0,00;52,00;6,76;V;0;0
70;2;07/07/2026;1291;1016CA738D81A;0;;MEDRANO EDSON;22,00;0,00;0,00;0,00;0,00;0,00;0,00;0,00;22,00;0,00;0,00;22,00;2,86;V;0;0
71;2;07/07/2026;1292;1016CA738D81A;0;;RADIO  MOVIL CARIBE;22,00;0,00;0,00;0,00;0,00;0,00;0,00;0,00;22,00;0,00;0,00;22,00;2,86;V;0;0
72;2;07/07/2026;1293;1016CA738D81A;6715997;;CHOQUERIBE;16,00;0,00;0,00;0,00;0,00;0,00;0,00;0,00;16,00;0,00;0,00;16,00;2,08;V;0;0
73;2;07/07/2026;1294;1016CA738D81A;0;;SIN NOMBRE;0,00;0,00;0,00;0,00;0,00;0,00;0,00;0,00;0,00;0,00;0,00;0,00;0,00;A;0;0
74;2;07/07/2026;1295;1016CA738D81A;5311040017;;MADRID;21,00;0,00;0,00;0,00;0,00;0,00;0,00;0,00;21,00;0,00;0,00;21,00;2,73;V;0;0
75;2;07/07/2026;1296;1016CA738D81A;99003;;VENTAS MENORES DEL DIA;102,00;0,00;0,00;0,00;0,00;0,00;0,00;0,00;102,00;0,00;0,00;102,00;13,26;V;0;0
76;2;08/07/2026;1297;1016CA738D81A;5310525;;RAMEIREZ;120,00;0,00;0,00;0,00;0,00;0,00;0,00;0,00;120,00;0,00;0,00;120,00;15,60;V;0;0
77;2;08/07/2026;1298;1016CA738D81A;5939126;;ALVAREZ;18,00;0,00;0,00;0,00;0,00;0,00;0,00;0,00;18,00;0,00;0,00;18,00;2,34;V;0;0
78;2;08/07/2026;1299;1016CA738D81A;5920267;;ARNEZ;16,00;0,00;0,00;0,00;0,00;0,00;0,00;0,00;16,00;0,00;0,00;16,00;2,08;V;0;0
79;2;08/07/2026;1300;1016CA738D81A;0;;MENDOZA;12,00;0,00;0,00;0,00;0,00;0,00;0,00;0,00;12,00;0,00;0,00;12,00;1,56;V;0;0
80;2;08/07/2026;1301;1016CA738D81A;5229432;;GUTIERREZ;105,00;0,00;0,00;0,00;0,00;0,00;0,00;0,00;105,00;0,00;0,00;105,00;13,65;V;0;0
81;2;08/07/2026;1302;1016CA738D81A;99003;;VENTAS MENORES DEL DIA;76,50;0,00;0,00;0,00;0,00;0,00;0,00;0,00;76,50;0,00;0,00;76,50;9,95;V;0;0
82;2;09/07/2026;1303;1016CA738D81A;6445473;;TRIVEÑO;53,00;0,00;0,00;0,00;0,00;0,00;0,00;0,00;53,00;0,00;0,00;53,00;6,89;V;0;0
83;2;09/07/2026;1304;1016CA738D81A;0;;MAMANI;25,00;0,00;0,00;0,00;0,00;0,00;0,00;0,00;25,00;0,00;0,00;25,00;3,25;V;0;0
84;2;09/07/2026;1305;1016CA738D81A;9342544;;ENCINAS;20,00;0,00;0,00;0,00;0,00;0,00;0,00;0,00;20,00;0,00;0,00;20,00;2,60;V;0;0
85;2;09/07/2026;1306;1016CA738D81A;17585776;;NEYTHAN ZAMBRANA CHAMBI;160,00;0,00;0,00;0,00;0,00;0,00;0,00;0,00;160,00;0,00;0,00;160,00;20,80;V;0;0
86;2;09/07/2026;1307;1016CA738D81A;9524653;;ROSALES;206,00;0,00;0,00;0,00;0,00;0,00;0,00;0,00;206,00;0,00;0,00;206,00;26,78;V;0;0
87;2;09/07/2026;1308;1016CA738D81A;0;;KEVIN PINAYA;24,00;0,00;0,00;0,00;0,00;0,00;0,00;0,00;24,00;0,00;0,00;24,00;3,12;V;0;0
88;2;09/07/2026;1309;1016CA738D81A;0;;FRANKLIN SERRANO;114,00;0,00;0,00;0,00;0,00;0,00;0,00;0,00;114,00;0,00;0,00;114,00;14,82;V;0;0
89;2;09/07/2026;1310;1016CA738D81A;8814073;;TERCEROS;19,00;0,00;0,00;0,00;0,00;0,00;0,00;0,00;19,00;0,00;0,00;19,00;2,47;V;0;0
90;2;09/07/2026;1311;1016CA738D81A;9303261;;MAMANI;18,00;0,00;0,00;0,00;0,00;0,00;0,00;0,00;18,00;0,00;0,00;18,00;2,34;V;0;0
91;2;09/07/2026;1312;1016CA738D81A;99003;;VENTAS MENORES DEL DIA;95,50;0,00;0,00;0,00;0,00;0,00;0,00;0,00;95,50;0,00;0,00;95,50;12,42;V;0;0
92;2;10/07/2026;1313;1016CA738D81A;6420044;;MOYA;16,00;0,00;0,00;0,00;0,00;0,00;0,00;0,00;16,00;0,00;0,00;16,00;2,08;V;0;0
93;2;10/07/2026;1314;1016CA738D81A;9517978;;ZAMBRANA;15,00;0,00;0,00;0,00;0,00;0,00;0,00;0,00;15,00;0,00;0,00;15,00;1,95;V;0;0
94;2;10/07/2026;1315;1016CA738D81A;4388102;;VARGAS;72,00;0,00;0,00;0,00;0,00;0,00;0,00;0,00;72,00;0,00;0,00;72,00;9,36;V;0;0
95;2;10/07/2026;1316;1016CA738D81A;3017973;;RAUL TERCEROS;115,00;0,00;0,00;0,00;0,00;0,00;0,00;0,00;115,00;0,00;0,00;115,00;14,95;V;0;0
96;2;10/07/2026;1317;1016CA738D81A;4463101;;LAREDO;92,00;0,00;0,00;0,00;0,00;0,00;0,00;0,00;92,00;0,00;0,00;92,00;11,96;V;0;0
97;2;10/07/2026;1318;1016CA738D81A;0;;FERNANDO MERCADO;15,00;0,00;0,00;0,00;0,00;0,00;0,00;0,00;15,00;0,00;0,00;15,00;1,95;V;0;0
98;2;10/07/2026;1319;1016CA738D81A;6445821;;MARIEL ALEJANDRA PAZ ARNEZ;581,00;0,00;0,00;0,00;0,00;0,00;0,00;0,00;581,00;0,00;0,00;581,00;75,53;V;0;0
99;2;10/07/2026;1320;1016CA738D81A;99003;;VENTAS MENORES DEL DIA;93,00;0,00;0,00;0,00;0,00;0,00;0,00;0,00;93,00;0,00;0,00;93,00;12,09;V;0;0
100;2;11/07/2026;1321;1016CA738D81A;5318615;;VILLARROEL;133,00;0,00;0,00;0,00;0,00;0,00;0,00;0,00;133,00;0,00;0,00;133,00;17,29;V;0;0
101;2;11/07/2026;1322;1016CA738D81A;17055622;;USTARIZ;9,00;0,00;0,00;0,00;0,00;0,00;0,00;0,00;9,00;0,00;0,00;9,00;1,17;V;0;0
102;2;11/07/2026;1323;1016CA738D81A;6538752;;PARRA;15,00;0,00;0,00;0,00;0,00;0,00;0,00;0,00;15,00;0,00;0,00;15,00;1,95;V;0;0
103;2;11/07/2026;1324;1016CA738D81A;4392921;;AGUANTA;88,00;0,00;0,00;0,00;0,00;0,00;0,00;0,00;88,00;0,00;0,00;88,00;11,44;V;0;0
104;2;11/07/2026;1325;1016CA738D81A;0;;ROXANA APAZA;260,00;0,00;0,00;0,00;0,00;0,00;0,00;0,00;260,00;0,00;0,00;260,00;33,80;V;0;0
105;2;11/07/2026;1326;1016CA738D81A;13110989;;CUELLAR;132,00;0,00;0,00;0,00;0,00;0,00;0,00;0,00;132,00;0,00;0,00;132,00;17,16;V;0;0
106;2;11/07/2026;1327;1016CA738D81A;0;;ESPINOZA MAYRA;10,00;0,00;0,00;0,00;0,00;0,00;0,00;0,00;10,00;0,00;0,00;10,00;1,30;V;0;0
107;2;11/07/2026;1328;1016CA738D81A;0;;MONTAÑO;19,00;0,00;0,00;0,00;0,00;0,00;0,00;0,00;19,00;0,00;0,00;19,00;2,47;V;0;0
108;2;11/07/2026;1329;1016CA738D81A;275953;;VELASQUEZ;77,00;0,00;0,00;0,00;0,00;0,00;0,00;0,00;77,00;0,00;0,00;77,00;10,01;V;0;0
109;2;11/07/2026;1330;1016CA738D81A;13065470;;LIZETH ESPINOZA;12,50;0,00;0,00;0,00;0,00;0,00;0,00;0,00;12,50;0,00;0,00;12,50;1,63;V;0;0
110;2;11/07/2026;1331;1016CA738D81A;15989408;;JOSE ESCALERA;20,00;0,00;0,00;0,00;0,00;0,00;0,00;0,00;20,00;0,00;0,00;20,00;2,60;V;0;0
111;2;11/07/2026;1332;1016CA738D81A;6494683;;MAMANI CONDORI DAVID;8,00;0,00;0,00;0,00;0,00;0,00;0,00;0,00;8,00;0,00;0,00;8,00;1,04;V;0;0
112;2;11/07/2026;1333;1016CA738D81A;6583865;;FLORES MARIA;430,00;0,00;0,00;0,00;0,00;0,00;0,00;0,00;430,00;0,00;0,00;430,00;55,90;V;0;0
113;2;11/07/2026;1334;1016CA738D81A;17587685;;CHAMBI;366,00;0,00;0,00;0,00;0,00;0,00;0,00;0,00;366,00;0,00;0,00;366,00;47,58;V;0;0
114;2;11/07/2026;1335;1016CA738D81A;99003;;VENTAS MENORES DEL DIA;103,50;0,00;0,00;0,00;0,00;0,00;0,00;0,00;103,50;0,00;0,00;103,50;13,46;V;0;0
115;2;12/07/2026;1336;1016CA738D81A;2239206;;REQUENA;65,00;0,00;0,00;0,00;0,00;0,00;0,00;0,00;65,00;0,00;0,00;65,00;8,45;V;0;0
116;2;12/07/2026;1337;1016CA738D81A;0;;SIN NOMBRE;0,00;0,00;0,00;0,00;0,00;0,00;0,00;0,00;0,00;0,00;0,00;0,00;0,00;A;0;0
117;2;12/07/2026;1338;1016CA738D81A;0;;NOLASCO WILDER;24,00;0,00;0,00;0,00;0,00;0,00;0,00;0,00;24,00;0,00;0,00;24,00;3,12;V;0;0
118;2;12/07/2026;1339;1016CA738D81A;0;;MENDIETA;25,00;0,00;0,00;0,00;0,00;0,00;0,00;0,00;25,00;0,00;0,00;25,00;3,25;V;0;0
119;2;12/07/2026;1340;1016CA738D81A;2710982;;JONATHAN;59,00;0,00;0,00;0,00;0,00;0,00;0,00;0,00;59,00;0,00;0,00;59,00;7,67;V;0;0
120;2;12/07/2026;1341;1016CA738D81A;0;;ISRAEL LANDIVAR;25,00;0,00;0,00;0,00;0,00;0,00;0,00;0,00;25,00;0,00;0,00;25,00;3,25;V;0;0
121;2;12/07/2026;1342;1016CA738D81A;0;;DANIELA ENCINAS;58,00;0,00;0,00;0,00;0,00;0,00;0,00;0,00;58,00;0,00;0,00;58,00;7,54;V;0;0
122;2;12/07/2026;1343;1016CA738D81A;0;;VARGAS;38,00;0,00;0,00;0,00;0,00;0,00;0,00;0,00;38,00;0,00;0,00;38,00;4,94;V;0;0
123;2;12/07/2026;1344;1016CA738D81A;5308857011;;BRANDON PATIÑO;40,00;0,00;0,00;0,00;0,00;0,00;0,00;0,00;40,00;0,00;0,00;40,00;5,20;V;0;0
124;2;12/07/2026;1345;1016CA738D81A;0;;ESPINOZA;22,50;0,00;0,00;0,00;0,00;0,00;0,00;0,00;22,50;0,00;0,00;22,50;2,93;V;0;0
125;2;12/07/2026;1346;1016CA738D81A;13110989;;CUELLAR;143,00;0,00;0,00;0,00;0,00;0,00;0,00;0,00;143,00;0,00;0,00;143,00;18,59;V;0;0
126;2;12/07/2026;1347;1016CA738D81A;0;;MENDIETA;45,50;0,00;0,00;0,00;0,00;0,00;0,00;0,00;45,50;0,00;0,00;45,50;5,92;V;0;0
127;2;12/07/2026;1348;1016CA738D81A;2773154;;CADIMA ORLANDO;50,00;0,00;0,00;0,00;0,00;0,00;0,00;0,00;50,00;0,00;0,00;50,00;6,50;V;0;0
128;2;12/07/2026;1349;1016CA738D81A;2773154;;CADIMA;50,00;0,00;0,00;0,00;0,00;0,00;0,00;0,00;50,00;0,00;0,00;50,00;6,50;V;0;0
129;2;12/07/2026;1350;1016CA738D81A;0;;TORRICO;534,00;0,00;0,00;0,00;0,00;0,00;0,00;0,00;534,00;0,00;0,00;534,00;69,42;V;0;0
130;2;12/07/2026;1351;1016CA738D81A;99003;;VENTAS MENORES DEL DIA;97,50;0,00;0,00;0,00;0,00;0,00;0,00;0,00;97,50;0,00;0,00;97,50;12,68;V;0;0
131;2;13/07/2026;1352;1016CA738D81A;5229331;;TORRICO;65,00;0,00;0,00;0,00;0,00;0,00;0,00;0,00;65,00;0,00;0,00;65,00;8,45;V;0;0
132;2;13/07/2026;1353;1016CA738D81A;3724067;;DAVID CANDIA;167,00;0,00;0,00;0,00;0,00;0,00;0,00;0,00;167,00;0,00;0,00;167,00;21,71;V;0;0
133;2;13/07/2026;1354;1016CA738D81A;0;;SAAVEDRA;17,00;0,00;0,00;0,00;0,00;0,00;0,00;0,00;17,00;0,00;0,00;17,00;2,21;V;0;0
134;2;13/07/2026;1355;1016CA738D81A;0;;SALVATIERRA;27,00;0,00;0,00;0,00;0,00;0,00;0,00;0,00;27,00;0,00;0,00;27,00;3,51;V;0;0
135;2;13/07/2026;1356;1016CA738D81A;14162910;;JUAN;19,00;0,00;0,00;0,00;0,00;0,00;0,00;0,00;19,00;0,00;0,00;19,00;2,47;V;0;0
136;2;13/07/2026;1357;1016CA738D81A;14162910;;JUAN;35,00;0,00;0,00;0,00;0,00;0,00;0,00;0,00;35,00;0,00;0,00;35,00;4,55;V;0;0
137;2;13/07/2026;1358;1016CA738D81A;5318615;;VILLARROEL;63,00;0,00;0,00;0,00;0,00;0,00;0,00;0,00;63,00;0,00;0,00;63,00;8,19;V;0;0
138;2;13/07/2026;1359;1016CA738D81A;99003;;VENTAS MENORES DEL DIA;87,50;0,00;0,00;0,00;0,00;0,00;0,00;0,00;87,50;0,00;0,00;87,50;11,38;V;0;0
139;2;14/07/2026;1360;1016CA738D81A;7956644;;DANIELA ENCINAS;17,00;0,00;0,00;0,00;0,00;0,00;0,00;0,00;17,00;0,00;0,00;17,00;2,21;V;0;0
140;2;14/07/2026;1361;1016CA738D81A;2773154;;CADIMA;126,00;0,00;0,00;0,00;0,00;0,00;0,00;0,00;126,00;0,00;0,00;126,00;16,38;V;0;0
141;2;14/07/2026;1362;1016CA738D81A;8812571;;MATOS;37,50;0,00;0,00;0,00;0,00;0,00;0,00;0,00;37,50;0,00;0,00;37,50;4,88;V;0;0
142;2;14/07/2026;1363;1016CA738D81A;13586668;;AYAVIRI;30,00;0,00;0,00;0,00;0,00;0,00;0,00;0,00;30,00;0,00;0,00;30,00;3,90;V;0;0
143;2;14/07/2026;1364;1016CA738D81A;8972815;;MARIA DEL CARMEN OLIVA ROJAS;10,00;0,00;0,00;0,00;0,00;0,00;0,00;0,00;10,00;0,00;0,00;10,00;1,30;V;0;0
144;2;14/07/2026;1365;1016CA738D81A;12494466;;ECOBAR;88,00;0,00;0,00;0,00;0,00;0,00;0,00;0,00;88,00;0,00;0,00;88,00;11,44;V;0;0
145;2;14/07/2026;1366;1016CA738D81A;99003;;VENTAS MENORES DEL DIA;95,50;0,00;0,00;0,00;0,00;0,00;0,00;0,00;95,50;0,00;0,00;95,50;12,42;V;0;0
146;2;15/07/2026;1367;1016CA738D81A;6445218;;ARCE;10,00;0,00;0,00;0,00;0,00;0,00;0,00;0,00;10,00;0,00;0,00;10,00;1,30;V;0;0
147;2;15/07/2026;1368;1016CA738D81A;8239515;;PAOLA MAYAN;1.000,00;0,00;0,00;0,00;0,00;0,00;0,00;0,00;1.000,00;0,00;0,00;1.000,00;130,00;V;0;0
148;2;15/07/2026;1369;1016CA738D81A;6495261;;HEREDIA;17,00;0,00;0,00;0,00;0,00;0,00;0,00;0,00;17,00;0,00;0,00;17,00;2,21;V;0;0
149;2;15/07/2026;1370;1016CA738D81A;8813764011;;ROSALES;389,00;0,00;0,00;0,00;0,00;0,00;0,00;0,00;389,00;0,00;0,00;389,00;50,57;V;0;0
150;2;15/07/2026;1371;1016CA738D81A;5932237;;ARIAS;25,00;0,00;0,00;0,00;0,00;0,00;0,00;0,00;25,00;0,00;0,00;25,00;3,25;V;0;0
151;2;15/07/2026;1372;1016CA738D81A;8182182;;TELLERIA;27,00;0,00;0,00;0,00;0,00;0,00;0,00;0,00;27,00;0,00;0,00;27,00;3,51;V;0;0
152;2;15/07/2026;1373;1016CA738D81A;601162024;;PIRES GIOVANETTI GUARDIA PERU SAC (SUCURSAL BOLIVIA);86,00;0,00;0,00;0,00;0,00;0,00;0,00;0,00;86,00;0,00;0,00;86,00;11,18;V;0;0
153;2;15/07/2026;1374;1016CA738D81A;0;;MIGUEL FLORES;10,00;0,00;0,00;0,00;0,00;0,00;0,00;0,00;10,00;0,00;0,00;10,00;1,30;V;0;0
154;2;15/07/2026;1375;1016CA738D81A;6453873;;RAMIREZ JOSUE;27,00;0,00;0,00;0,00;0,00;0,00;0,00;0,00;27,00;0,00;0,00;27,00;3,51;V;0;0
155;2;15/07/2026;1376;1016CA738D81A;5843328;;ROCABADO MIRIAM;370,00;0,00;0,00;0,00;0,00;0,00;0,00;0,00;370,00;0,00;0,00;370,00;48,10;V;0;0
156;2;15/07/2026;1377;1016CA738D81A;99003;;VENTAS MENORES DEL DIA;105,00;0,00;0,00;0,00;0,00;0,00;0,00;0,00;105,00;0,00;0,00;105,00;13,65;V;0;0
157;2;16/07/2026;1378;1016CA738D81A;7336231;;CLAUDIA TRUJILLO;100,00;0,00;0,00;0,00;0,00;0,00;0,00;0,00;100,00;0,00;0,00;100,00;13,00;V;0;0
158;2;16/07/2026;1379;1016CA738D81A;0;;TROMP CARLOS;70,00;0,00;0,00;0,00;0,00;0,00;0,00;0,00;70,00;0,00;0,00;70,00;9,10;V;0;0
159;2;16/07/2026;1380;1016CA738D81A;5835538;;ROCHA;50,00;0,00;0,00;0,00;0,00;0,00;0,00;0,00;50,00;0,00;0,00;50,00;6,50;V;0;0
160;2;16/07/2026;1381;1016CA738D81A;0;;ESCOBAR LEYDI;30,00;0,00;0,00;0,00;0,00;0,00;0,00;0,00;30,00;0,00;0,00;30,00;3,90;V;0;0
161;2;16/07/2026;1382;1016CA738D81A;6480750;;GARCIA;12,00;0,00;0,00;0,00;0,00;0,00;0,00;0,00;12,00;0,00;0,00;12,00;1,56;V;0;0
162;2;16/07/2026;1383;1016CA738D81A;5875197;;MIRANDA;44,00;0,00;0,00;0,00;0,00;0,00;0,00;0,00;44,00;0,00;0,00;44,00;5,72;V;0;0
163;2;16/07/2026;1384;1016CA738D81A;6480750;;GARCIA;545,00;0,00;0,00;0,00;0,00;0,00;0,00;0,00;545,00;0,00;0,00;545,00;70,85;V;0;0
164;2;16/07/2026;1385;1016CA738D81A;99003;;VENTAS MENORES DEL DIA;100,50;0,00;0,00;0,00;0,00;0,00;0,00;0,00;100,50;0,00;0,00;100,50;13,07;V;0;0
165;2;17/07/2026;1386;1016CA738D81A;6771532;;CRISTIAN PARDO CRUZ;27,00;0,00;0,00;0,00;0,00;0,00;0,00;0,00;27,00;0,00;0,00;27,00;3,51;V;0;0
166;2;17/07/2026;1387;1016CA738D81A;3501712;;JONATHAN PORCEL ALANDIA;28,00;0,00;0,00;0,00;0,00;0,00;0,00;0,00;28,00;0,00;0,00;28,00;3,64;V;0;0
167;2;17/07/2026;1388;1016CA738D81A;9348420;;GODOY POMA;40,00;0,00;0,00;0,00;0,00;0,00;0,00;0,00;40,00;0,00;0,00;40,00;5,20;V;0;0
168;2;17/07/2026;1389;1016CA738D81A;5875197;;MIRANDA;117,00;0,00;0,00;0,00;0,00;0,00;0,00;0,00;117,00;0,00;0,00;117,00;15,21;V;0;0
169;2;17/07/2026;1390;1016CA738D81A;3768750;;QUIÑONES;59,00;0,00;0,00;0,00;0,00;0,00;0,00;0,00;59,00;0,00;0,00;59,00;7,67;V;0;0
170;2;17/07/2026;1391;1016CA738D81A;0;;CRESPO JHONNY;10,00;0,00;0,00;0,00;0,00;0,00;0,00;0,00;10,00;0,00;0,00;10,00;1,30;V;0;0
171;2;17/07/2026;1392;1016CA738D81A;3768750;;QUIÑONES;50,00;0,00;0,00;0,00;0,00;0,00;0,00;0,00;50,00;0,00;0,00;50,00;6,50;V;0;0
172;2;17/07/2026;1393;1016CA738D81A;17943912;;CHAMBI;89,50;0,00;0,00;0,00;0,00;0,00;0,00;0,00;89,50;0,00;0,00;89,50;11,64;V;0;0
173;2;17/07/2026;1394;1016CA738D81A;8815281;;PINAYA;10,00;0,00;0,00;0,00;0,00;0,00;0,00;0,00;10,00;0,00;0,00;10,00;1,30;V;0;0
174;2;17/07/2026;1395;1016CA738D81A;4392921;;AGUANTA;106,00;0,00;0,00;0,00;0,00;0,00;0,00;0,00;106,00;0,00;0,00;106,00;13,78;V;0;0
175;2;17/07/2026;1396;1016CA738D81A;64457480;;MENA;150,00;0,00;0,00;0,00;0,00;0,00;0,00;0,00;150,00;0,00;0,00;150,00;19,50;V;0;0
176;2;17/07/2026;1397;1016CA738D81A;5245408;;FLORES;21,50;0,00;0,00;0,00;0,00;0,00;0,00;0,00;21,50;0,00;0,00;21,50;2,80;V;0;0
177;2;17/07/2026;1398;1016CA738D81A;0;;ENCINAS;30,00;0,00;0,00;0,00;0,00;0,00;0,00;0,00;30,00;0,00;0,00;30,00;3,90;V;0;0
178;2;17/07/2026;1399;1016CA738D81A;6499795;;BASPINEIRO;30,00;0,00;0,00;0,00;0,00;0,00;0,00;0,00;30,00;0,00;0,00;30,00;3,90;V;0;0
179;2;17/07/2026;1400;1016CA738D81A;13035572;;PINOLA ALEJANDRA;66,50;0,00;0,00;0,00;0,00;0,00;0,00;0,00;66,50;0,00;0,00;66,50;8,65;V;0;0
180;2;17/07/2026;1401;1016CA738D81A;8058549;;ELVA ESCALERA;14,00;0,00;0,00;0,00;0,00;0,00;0,00;0,00;14,00;0,00;0,00;14,00;1,82;V;0;0
181;2;17/07/2026;1402;1016CA738D81A;9342701;;SEGOVIA;20,00;0,00;0,00;0,00;0,00;0,00;0,00;0,00;20,00;0,00;0,00;20,00;2,60;V;0;0
182;2;17/07/2026;1403;1016CA738D81A;7954788;;AARON SANCHEZ;21,00;0,00;0,00;0,00;0,00;0,00;0,00;0,00;21,00;0,00;0,00;21,00;2,73;V;0;0
183;2;17/07/2026;1404;1016CA738D81A;8057546;;FLORES;18,50;0,00;0,00;0,00;0,00;0,00;0,00;0,00;18,50;0,00;0,00;18,50;2,41;V;0;0
184;2;17/07/2026;1405;1016CA738D81A;6125302;;FARE SANCHEZ;6,50;0,00;0,00;0,00;0,00;0,00;0,00;0,00;6,50;0,00;0,00;6,50;0,85;V;0;0
185;2;17/07/2026;1406;1016CA738D81A;6507279;;SANDOVAL;59,00;0,00;0,00;0,00;0,00;0,00;0,00;0,00;59,00;0,00;0,00;59,00;7,67;V;0;0
186;2;17/07/2026;1407;1016CA738D81A;6445821;;MARIEL ALEJANDRA PAZ ARNEZ;127,00;0,00;0,00;0,00;0,00;0,00;0,00;0,00;127,00;0,00;0,00;127,00;16,51;V;0;0
187;2;17/07/2026;1408;1016CA738D81A;99003;;VENTAS MENORES DEL DIA;70,50;0,00;0,00;0,00;0,00;0,00;0,00;0,00;70,50;0,00;0,00;70,50;9,17;V;0;0
188;2;17/07/2026;1409;1016CA738D81A;0;;SIN NOMBRE;0,00;0,00;0,00;0,00;0,00;0,00;0,00;0,00;0,00;0,00;0,00;0,00;0,00;A;0;0
189;2;18/07/2026;1410;1016CA738D81A;17585776;;NEYTHAN ZAMBRANA CHAMBI;200,00;0,00;0,00;0,00;0,00;0,00;0,00;0,00;200,00;0,00;0,00;200,00;26,00;V;0;0
190;2;18/07/2026;1411;1016CA738D81A;7289971;;VALERIANO;178,50;0,00;0,00;0,00;0,00;0,00;0,00;0,00;178,50;0,00;0,00;178,50;23,21;V;0;0
191;2;18/07/2026;1412;1016CA738D81A;7289971;;VALERIANO;78,50;0,00;0,00;0,00;0,00;0,00;0,00;0,00;78,50;0,00;0,00;78,50;10,21;V;0;0
192;2;18/07/2026;1413;1016CA738D81A;3757894;;FERNANDEZ;58,00;0,00;0,00;0,00;0,00;0,00;0,00;0,00;58,00;0,00;0,00;58,00;7,54;V;0;0
193;2;18/07/2026;1414;1016CA738D81A;5245408;;FLORES;25,00;0,00;0,00;0,00;0,00;0,00;0,00;0,00;25,00;0,00;0,00;25,00;3,25;V;0;0
194;2;18/07/2026;1415;1016CA738D81A;6496105;;TAPIA;58,50;0,00;0,00;0,00;0,00;0,00;0,00;0,00;58,50;0,00;0,00;58,50;7,61;V;0;0
195;2;18/07/2026;1416;1016CA738D81A;8059060;;LOPEZ;12,00;0,00;0,00;0,00;0,00;0,00;0,00;0,00;12,00;0,00;0,00;12,00;1,56;V;0;0
196;2;18/07/2026;1417;1016CA738D81A;0;;NAVIA;147,00;0,00;0,00;0,00;0,00;0,00;0,00;0,00;147,00;0,00;0,00;147,00;19,11;V;0;0
197;2;18/07/2026;1418;1016CA738D81A;0;;PAREDES;21,00;0,00;0,00;0,00;0,00;0,00;0,00;0,00;21,00;0,00;0,00;21,00;2,73;V;0;0
198;2;18/07/2026;1419;1016CA738D81A;0;;LOPEZ;9,00;0,00;0,00;0,00;0,00;0,00;0,00;0,00;9,00;0,00;0,00;9,00;1,17;V;0;0
199;2;18/07/2026;1420;1016CA738D81A;0;;FRANZ BASPINEIRA;6,50;0,00;0,00;0,00;0,00;0,00;0,00;0,00;6,50;0,00;0,00;6,50;0,85;V;0;0
200;2;18/07/2026;1421;1016CA738D81A;0;;GARCIA;30,00;0,00;0,00;0,00;0,00;0,00;0,00;0,00;30,00;0,00;0,00;30,00;3,90;V;0;0
201;2;18/07/2026;1422;1016CA738D81A;5358352;;QUIROGA;870,00;0,00;0,00;0,00;0,00;0,00;0,00;0,00;870,00;0,00;0,00;870,00;113,10;V;0;0
202;2;18/07/2026;1423;1016CA738D81A;9805172;;CAMACHO;288,00;0,00;0,00;0,00;0,00;0,00;0,00;0,00;288,00;0,00;0,00;288,00;37,44;V;0;0
203;2;18/07/2026;1424;1016CA738D81A;0;;CABALLERO;290,00;0,00;0,00;0,00;0,00;0,00;0,00;0,00;290,00;0,00;0,00;290,00;37,70;V;0;0
204;2;18/07/2026;1425;1016CA738D81A;99003;;VENTAS MENORES DEL DIA;89,50;0,00;0,00;0,00;0,00;0,00;0,00;0,00;89,50;0,00;0,00;89,50;11,64;V;0;0
205;2;19/07/2026;1426;1016CA738D81A;5839853;;GUZMAN;170,00;0,00;0,00;0,00;0,00;0,00;0,00;0,00;170,00;0,00;0,00;170,00;22,10;V;0;0
206;2;19/07/2026;1427;1016CA738D81A;0;;KAREN ROSALES;8,00;0,00;0,00;0,00;0,00;0,00;0,00;0,00;8,00;0,00;0,00;8,00;1,04;V;0;0
207;2;19/07/2026;1428;1016CA738D81A;13035572;;ALEJANDRA PINOLA;22,50;0,00;0,00;0,00;0,00;0,00;0,00;0,00;22,50;0,00;0,00;22,50;2,93;V;0;0
208;2;19/07/2026;1429;1016CA738D81A;4576307;;CONSTANTINO SALAZAR;39,00;0,00;0,00;0,00;0,00;0,00;0,00;0,00;39,00;0,00;0,00;39,00;5,07;V;0;0
209;2;19/07/2026;1430;1016CA738D81A;8057746;;CONDORI;21,50;0,00;0,00;0,00;0,00;0,00;0,00;0,00;21,50;0,00;0,00;21,50;2,80;V;0;0
210;2;19/07/2026;1431;1016CA738D81A;9431613;;CESPEDES;25,00;0,00;0,00;0,00;0,00;0,00;0,00;0,00;25,00;0,00;0,00;25,00;3,25;V;0;0
211;2;19/07/2026;1432;1016CA738D81A;1349326;;CACERES;325,00;0,00;0,00;0,00;0,00;0,00;0,00;0,00;325,00;0,00;0,00;325,00;42,25;V;0;0
212;2;19/07/2026;1433;1016CA738D81A;0;;LIDIA SOLIZ VILLCA;25,00;0,00;0,00;0,00;0,00;0,00;0,00;0,00;25,00;0,00;0,00;25,00;3,25;V;0;0
213;2;19/07/2026;1434;1016CA738D81A;99003;;VENTAS MENORES DEL DIA;72,50;0,00;0,00;0,00;0,00;0,00;0,00;0,00;72,50;0,00;0,00;72,50;9,43;V;0;0
214;2;20/07/2026;1435;1016CA738D81A;0;;ZENTENO;5,00;0,00;0,00;0,00;0,00;0,00;0,00;0,00;5,00;0,00;0,00;5,00;0,65;V;0;0
215;2;20/07/2026;1436;1016CA738D81A;0;;JOSE FUENTES;14,00;0,00;0,00;0,00;0,00;0,00;0,00;0,00;14,00;0,00;0,00;14,00;1,82;V;0;0
216;2;20/07/2026;1437;1016CA738D81A;0;;VARGAS JHONATHAN;11,50;0,00;0,00;0,00;0,00;0,00;0,00;0,00;11,50;0,00;0,00;11,50;1,50;V;0;0
217;2;20/07/2026;1438;1016CA738D81A;3057506;;CORTEZ;38,00;0,00;0,00;0,00;0,00;0,00;0,00;0,00;38,00;0,00;0,00;38,00;4,94;V;0;0
218;2;20/07/2026;1439;1016CA738D81A;7562298;;IRVIN;11,00;0,00;0,00;0,00;0,00;0,00;0,00;0,00;11,00;0,00;0,00;11,00;1,43;V;0;0
219;2;20/07/2026;1440;1016CA738D81A;2301072;;ANGELA;22,00;0,00;0,00;0,00;0,00;0,00;0,00;0,00;22,00;0,00;0,00;22,00;2,86;V;0;0
220;2;20/07/2026;1441;1016CA738D81A;2301072;;ANGELA;14,00;0,00;0,00;0,00;0,00;0,00;0,00;0,00;14,00;0,00;0,00;14,00;1,82;V;0;0
221;2;20/07/2026;1442;1016CA738D81A;0;;TORRICO VIVIANA;11,00;0,00;0,00;0,00;0,00;0,00;0,00;0,00;11,00;0,00;0,00;11,00;1,43;V;0;0
222;2;20/07/2026;1443;1016CA738D81A;4482855;;MUÑOZ;38,00;0,00;0,00;0,00;0,00;0,00;0,00;0,00;38,00;0,00;0,00;38,00;4,94;V;0;0
223;2;20/07/2026;1444;1016CA738D81A;5554318;;AGUILAR;20,00;0,00;0,00;0,00;0,00;0,00;0,00;0,00;20,00;0,00;0,00;20,00;2,60;V;0;0
224;2;20/07/2026;1445;1016CA738D81A;7253878;;PABLO CAMACHO;93,00;0,00;0,00;0,00;0,00;0,00;0,00;0,00;93,00;0,00;0,00;93,00;12,09;V;0;0
225;2;20/07/2026;1446;1016CA738D81A;6445821;;MARIEL ALEJANDRA PAZ ARNEZ;211,00;0,00;0,00;0,00;0,00;0,00;0,00;0,00;211,00;0,00;0,00;211,00;27,43;V;0;0
226;2;20/07/2026;1447;1016CA738D81A;99003;;VENTAS MENORES DEL DIA;82,00;0,00;0,00;0,00;0,00;0,00;0,00;0,00;82,00;0,00;0,00;82,00;10,66;V;0;0
227;2;21/07/2026;1448;1016CA738D81A;5302986;;ZELADA;52,00;0,00;0,00;0,00;0,00;0,00;0,00;0,00;52,00;0,00;0,00;52,00;6,76;V;0;0
228;2;21/07/2026;1449;1016CA738D81A;8816989;;ENCINAS;27,00;0,00;0,00;0,00;0,00;0,00;0,00;0,00;27,00;0,00;0,00;27,00;3,51;V;0;0
229;2;21/07/2026;1450;1016CA738D81A;0;;SARSO FLORES;11,00;0,00;0,00;0,00;0,00;0,00;0,00;0,00;11,00;0,00;0,00;11,00;1,43;V;0;0
230;2;21/07/2026;1451;1016CA738D81A;0;;FERNANDO PONCE;15,00;0,00;0,00;0,00;0,00;0,00;0,00;0,00;15,00;0,00;0,00;15,00;1,95;V;0;0
231;2;21/07/2026;1452;1016CA738D81A;142710927;;FRANCO;13,50;0,00;0,00;0,00;0,00;0,00;0,00;0,00;13,50;0,00;0,00;13,50;1,76;V;0;0
232;2;21/07/2026;1453;1016CA738D81A;7940102;;RODRIGUEZ;20,00;0,00;0,00;0,00;0,00;0,00;0,00;0,00;20,00;0,00;0,00;20,00;2,60;V;0;0
233;2;21/07/2026;1454;1016CA738D81A;948176;;VARGAS;14,50;0,00;0,00;0,00;0,00;0,00;0,00;0,00;14,50;0,00;0,00;14,50;1,89;V;0;0
234;2;21/07/2026;1455;1016CA738D81A;13258669;;ANGEL ANDRADE;9,50;0,00;0,00;0,00;0,00;0,00;0,00;0,00;9,50;0,00;0,00;9,50;1,24;V;0;0
235;2;21/07/2026;1456;1016CA738D81A;13258669;;ANGEL ANDRADE;10,00;0,00;0,00;0,00;0,00;0,00;0,00;0,00;10,00;0,00;0,00;10,00;1,30;V;0;0
236;2;21/07/2026;1457;1016CA738D81A;3768750;;QUIÑONES;59,00;0,00;0,00;0,00;0,00;0,00;0,00;0,00;59,00;0,00;0,00;59,00;7,67;V;0;0
237;2;21/07/2026;1458;1016CA738D81A;9534614;;JON LLANTO;8,50;0,00;0,00;0,00;0,00;0,00;0,00;0,00;8,50;0,00;0,00;8,50;1,11;V;0;0
238;2;21/07/2026;1459;1016CA738D81A;0;;ROSALES;22,00;0,00;0,00;0,00;0,00;0,00;0,00;0,00;22,00;0,00;0,00;22,00;2,86;V;0;0
239;2;21/07/2026;1460;1016CA738D81A;0;;ROSALES;50,00;0,00;0,00;0,00;0,00;0,00;0,00;0,00;50,00;0,00;0,00;50,00;6,50;V;0;0
240;2;21/07/2026;1461;1016CA738D81A;16265930;;CANAVIRI;66,00;0,00;0,00;0,00;0,00;0,00;0,00;0,00;66,00;0,00;0,00;66,00;8,58;V;0;0
241;2;21/07/2026;1462;1016CA738D81A;99003;;VENTAS MENORES DEL DIA;93,00;0,00;0,00;0,00;0,00;0,00;0,00;0,00;93,00;0,00;0,00;93,00;12,09;V;0;0
242;2;22/07/2026;1463;1016CA738D81A;0;;ANDRADE;14,00;0,00;0,00;0,00;0,00;0,00;0,00;0,00;14,00;0,00;0,00;14,00;1,82;V;0;0
243;2;22/07/2026;1464;1016CA738D81A;8814579;;RAMIREZ;65,00;0,00;0,00;0,00;0,00;0,00;0,00;0,00;65,00;0,00;0,00;65,00;8,45;V;0;0
244;2;22/07/2026;1465;1016CA738D81A;5266689;;COCA;89,00;0,00;0,00;0,00;0,00;0,00;0,00;0,00;89,00;0,00;0,00;89,00;11,57;V;0;0
245;2;22/07/2026;1466;1016CA738D81A;0;;BLANCO;14,50;0,00;0,00;0,00;0,00;0,00;0,00;0,00;14,50;0,00;0,00;14,50;1,89;V;0;0
246;2;22/07/2026;1467;1016CA738D81A;0;;IVAN CORANI;16,50;0,00;0,00;0,00;0,00;0,00;0,00;0,00;16,50;0,00;0,00;16,50;2,15;V;0;0
247;2;22/07/2026;1468;1016CA738D81A;0;;MAMANI;17,50;0,00;0,00;0,00;0,00;0,00;0,00;0,00;17,50;0,00;0,00;17,50;2,28;V;0;0
248;2;22/07/2026;1469;1016CA738D81A;0;;ANDERSON ZEBALLOS;14,00;0,00;0,00;0,00;0,00;0,00;0,00;0,00;14,00;0,00;0,00;14,00;1,82;V;0;0
249;2;22/07/2026;1470;1016CA738D81A;12494466;;ECOBAR LEYDI;30,00;0,00;0,00;0,00;0,00;0,00;0,00;0,00;30,00;0,00;0,00;30,00;3,90;V;0;0
250;2;22/07/2026;1471;1016CA738D81A;60758587;;DANIEL RODRIGUEZ;18,00;0,00;0,00;0,00;0,00;0,00;0,00;0,00;18,00;0,00;0,00;18,00;2,34;V;0;0
251;2;22/07/2026;1472;1016CA738D81A;99003;;VENTAS MENORES DEL DIA;93,00;0,00;0,00;0,00;0,00;0,00;0,00;0,00;93,00;0,00;0,00;93,00;12,09;V;0;0
252;2;23/07/2026;1473;1016CA738D81A;8012885;;CHOQUE;26,00;0,00;0,00;0,00;0,00;0,00;0,00;0,00;26,00;0,00;0,00;26,00;3,38;V;0;0
253;2;23/07/2026;1474;1016CA738D81A;13586396;;TERAN;31,00;0,00;0,00;0,00;0,00;0,00;0,00;0,00;31,00;0,00;0,00;31,00;4,03;V;0;0
254;2;23/07/2026;1475;1016CA738D81A;9326334;;ALEJANDRO MENECES;13,50;0,00;0,00;0,00;0,00;0,00;0,00;0,00;13,50;0,00;0,00;13,50;1,76;V;0;0
255;2;23/07/2026;1476;1016CA738D81A;8058038;;PATZI;65,00;0,00;0,00;0,00;0,00;0,00;0,00;0,00;65,00;0,00;0,00;65,00;8,45;V;0;0
256;2;23/07/2026;1477;1016CA738D81A;6847010;;CHOQUE;40,50;0,00;0,00;0,00;0,00;0,00;0,00;0,00;40,50;0,00;0,00;40,50;5,27;V;0;0
257;2;23/07/2026;1478;1016CA738D81A;8059010;;ROCHA;44,00;0,00;0,00;0,00;0,00;0,00;0,00;0,00;44,00;0,00;0,00;44,00;5,72;V;0;0
258;2;23/07/2026;1479;1016CA738D81A;0;;SEVERICH;16,00;0,00;0,00;0,00;0,00;0,00;0,00;0,00;16,00;0,00;0,00;16,00;2,08;V;0;0
259;2;23/07/2026;1480;1016CA738D81A;0;;HUANCA;17,00;0,00;0,00;0,00;0,00;0,00;0,00;0,00;17,00;0,00;0,00;17,00;2,21;V;0;0
260;2;23/07/2026;1481;1016CA738D81A;9432139;;LUIS LAURA;10,00;0,00;0,00;0,00;0,00;0,00;0,00;0,00;10,00;0,00;0,00;10,00;1,30;V;0;0
261;2;23/07/2026;1482;1016CA738D81A;13588012;;CAMACHO;14,00;0,00;0,00;0,00;0,00;0,00;0,00;0,00;14,00;0,00;0,00;14,00;1,82;V;0;0
262;2;23/07/2026;1483;1016CA738D81A;0;;ROSALES;84,00;0,00;0,00;0,00;0,00;0,00;0,00;0,00;84,00;0,00;0,00;84,00;10,92;V;0;0
263;2;23/07/2026;1484;1016CA738D81A;13825549;;LIMA JHAMIL;16,00;0,00;0,00;0,00;0,00;0,00;0,00;0,00;16,00;0,00;0,00;16,00;2,08;V;0;0
264;2;23/07/2026;1485;1016CA738D81A;5554318;;AGUILAR;17,00;0,00;0,00;0,00;0,00;0,00;0,00;0,00;17,00;0,00;0,00;17,00;2,21;V;0;0
265;2;23/07/2026;1486;1016CA738D81A;5554318;;AGUILAR;42,00;0,00;0,00;0,00;0,00;0,00;0,00;0,00;42,00;0,00;0,00;42,00;5,46;V;0;0
266;2;23/07/2026;1487;1016CA738D81A;99003;;VENTAS MENORES DEL DIA;99,50;0,00;0,00;0,00;0,00;0,00;0,00;0,00;99,50;0,00;0,00;99,50;12,94;V;0;0
267;2;24/07/2026;1488;1016CA738D81A;17585776;;NEYTHAN ZAMBRANA CHAMBI;12,00;0,00;0,00;0,00;0,00;0,00;0,00;0,00;12,00;0,00;0,00;12,00;1,56;V;0;0
268;2;24/07/2026;1489;1016CA738D81A;4462030;;ARISPE;15,00;0,00;0,00;0,00;0,00;0,00;0,00;0,00;15,00;0,00;0,00;15,00;1,95;V;0;0
269;2;24/07/2026;1490;1016CA738D81A;14851691;;QUISPE;10,00;0,00;0,00;0,00;0,00;0,00;0,00;0,00;10,00;0,00;0,00;10,00;1,30;V;0;0
270;2;24/07/2026;1491;1016CA738D81A;9317481;;FUENTES;114,00;0,00;0,00;0,00;0,00;0,00;0,00;0,00;114,00;0,00;0,00;114,00;14,82;V;0;0
271;2;24/07/2026;1492;1016CA738D81A;8823613;;SONIA VIDA GABRIEL;193,00;0,00;0,00;0,00;0,00;0,00;0,00;0,00;193,00;0,00;0,00;193,00;25,09;V;0;0
272;2;24/07/2026;1493;1016CA738D81A;3057506;;CORTEZ;112,00;0,00;0,00;0,00;0,00;0,00;0,00;0,00;112,00;0,00;0,00;112,00;14,56;V;0;0
273;2;24/07/2026;1494;1016CA738D81A;8814073;;TERCEROS TATIANA;112,00;0,00;0,00;0,00;0,00;0,00;0,00;0,00;112,00;0,00;0,00;112,00;14,56;V;0;0
274;2;24/07/2026;1495;1016CA738D81A;5318564;;ANGULO;136,00;0,00;0,00;0,00;0,00;0,00;0,00;0,00;136,00;0,00;0,00;136,00;17,68;V;0;0
275;2;24/07/2026;1496;1016CA738D81A;6445748010;;MENA;52,50;0,00;0,00;0,00;0,00;0,00;0,00;0,00;52,50;0,00;0,00;52,50;6,83;V;0;0
276;2;24/07/2026;1497;1016CA738D81A;5293334;;ROCHA;45,00;0,00;0,00;0,00;0,00;0,00;0,00;0,00;45,00;0,00;0,00;45,00;5,85;V;0;0
277;2;24/07/2026;1498;1016CA738D81A;6494839;;ROQUE;68,00;0,00;0,00;0,00;0,00;0,00;0,00;0,00;68,00;0,00;0,00;68,00;8,84;V;0;0
278;2;24/07/2026;1499;1016CA738D81A;0;;MAMANI;10,50;0,00;0,00;0,00;0,00;0,00;0,00;0,00;10,50;0,00;0,00;10,50;1,37;V;0;0
279;2;24/07/2026;1500;1016CA738D81A;0;;CORDOBA;15,00;0,00;0,00;0,00;0,00;0,00;0,00;0,00;15,00;0,00;0,00;15,00;1,95;V;0;0
280;2;24/07/2026;1501;101983520271A;0;;ZELAYA;20,00;0,00;0,00;0,00;0,00;0,00;0,00;0,00;20,00;0,00;0,00;20,00;2,60;V;0;0
281;2;24/07/2026;1502;101983520271A;4253277;;SERRANO;115,00;0,00;0,00;0,00;0,00;0,00;0,00;0,00;115,00;0,00;0,00;115,00;14,95;V;0;0
282;2;24/07/2026;1503;101983520271A;12904865;;MAURICIO GONZALES;45,00;0,00;0,00;0,00;0,00;0,00;0,00;0,00;45,00;0,00;0,00;45,00;5,85;V;0;0
283;2;24/07/2026;1504;101983520271A;9432139;;LAURA LUIS;20,00;0,00;0,00;0,00;0,00;0,00;0,00;0,00;20,00;0,00;0,00;20,00;2,60;V;0;0
284;2;24/07/2026;1505;101983520271A;99003;;VENTAS MENORES DEL DIA;100,50;0,00;0,00;0,00;0,00;0,00;0,00;0,00;100,50;0,00;0,00;100,50;13,07;V;0;0
285;2;25/07/2026;1506;101983520271A;821744;;OLMOS VEIZAGA ALDRIN;33,00;0,00;0,00;0,00;0,00;0,00;0,00;0,00;33,00;0,00;0,00;33,00;4,29;V;0;0
286;2;25/07/2026;1507;101983520271A;14722594;;JAVIER  LOVESA;70,00;0,00;0,00;0,00;0,00;0,00;0,00;0,00;70,00;0,00;0,00;70,00;9,10;V;0;0
287;2;25/07/2026;1508;101983520271A;8854676;;ONTIVEROS;40,00;0,00;0,00;0,00;0,00;0,00;0,00;0,00;40,00;0,00;0,00;40,00;5,20;V;0;0
288;2;25/07/2026;1509;101983520271A;9341155;;SARABIA JESUS;56,00;0,00;0,00;0,00;0,00;0,00;0,00;0,00;56,00;0,00;0,00;56,00;7,28;V;0;0
289;2;25/07/2026;1510;101983520271A;14513877;;HERMOCILLA;261,50;0,00;0,00;0,00;0,00;0,00;0,00;0,00;261,50;0,00;0,00;261,50;34,00;V;0;0
290;2;25/07/2026;1511;101983520271A;14513877;;HERMOCILLA COCA;16,00;0,00;0,00;0,00;0,00;0,00;0,00;0,00;16,00;0,00;0,00;16,00;2,08;V;0;0
291;2;25/07/2026;1512;101983520271A;8021744;;VEIZAGA;60,00;0,00;0,00;0,00;0,00;0,00;0,00;0,00;60,00;0,00;0,00;60,00;7,80;V;0;0
292;2;25/07/2026;1513;101983520271A;0;;PINTO;13,00;0,00;0,00;0,00;0,00;0,00;0,00;0,00;13,00;0,00;0,00;13,00;1,69;V;0;0
293;2;25/07/2026;1514;101983520271A;0;;BARCAYA FLORES;6,00;0,00;0,00;0,00;0,00;0,00;0,00;0,00;6,00;0,00;0,00;6,00;0,78;V;0;0
294;2;25/07/2026;1515;101983520271A;12463087;;MITA;5,00;0,00;0,00;0,00;0,00;0,00;0,00;0,00;5,00;0,00;0,00;5,00;0,65;V;0;0
295;2;25/07/2026;1516;101983520271A;0;;COCA TERAN;7,50;0,00;0,00;0,00;0,00;0,00;0,00;0,00;7,50;0,00;0,00;7,50;0,98;V;0;0
296;2;25/07/2026;1517;101983520271A;1429079;;RUIS;30,00;0,00;0,00;0,00;0,00;0,00;0,00;0,00;30,00;0,00;0,00;30,00;3,90;V;0;0
297;2;25/07/2026;1518;101983520271A;0;;ACHARAZ;23,00;0,00;0,00;0,00;0,00;0,00;0,00;0,00;23,00;0,00;0,00;23,00;2,99;V;0;0
298;2;25/07/2026;1519;101983520271A;4463101;;LAREDO;71,50;0,00;0,00;0,00;0,00;0,00;0,00;0,00;71,50;0,00;0,00;71,50;9,30;V;0;0
299;2;25/07/2026;1520;101983520271A;1417440;;GONZALO;12,50;0,00;0,00;0,00;0,00;0,00;0,00;0,00;12,50;0,00;0,00;12,50;1,63;V;0;0
300;2;25/07/2026;1521;101983520271A;1417440;;GONZALO;52,50;0,00;0,00;0,00;0,00;0,00;0,00;0,00;52,50;0,00;0,00;52,50;6,83;V;0;0
301;2;25/07/2026;1522;101983520271A;9973904012;;BARRIENTOS;36,00;0,00;0,00;0,00;0,00;0,00;0,00;0,00;36,00;0,00;0,00;36,00;4,68;V;0;0
302;2;25/07/2026;1523;101983520271A;8823613;;SONIA VIDA GABRIEL;186,00;0,00;0,00;0,00;0,00;0,00;0,00;0,00;186,00;0,00;0,00;186,00;24,18;V;0;0
303;2;25/07/2026;1524;101983520271A;99003;;VENTAS MENORES DEL DIA;93,00;0,00;0,00;0,00;0,00;0,00;0,00;0,00;93,00;0,00;0,00;93,00;12,09;V;0;0
304;2;26/07/2026;1525;101983520271A;5318564;;ANGULO;62,00;0,00;0,00;0,00;0,00;0,00;0,00;0,00;62,00;0,00;0,00;62,00;8,06;V;0;0
305;2;26/07/2026;1526;101983520271A;3619724;;RAMIREZ;72,00;0,00;0,00;0,00;0,00;0,00;0,00;0,00;72,00;0,00;0,00;72,00;9,36;V;0;0
306;2;26/07/2026;1527;101983520271A;0;;CABEROS;7,00;0,00;0,00;0,00;0,00;0,00;0,00;0,00;7,00;0,00;0,00;7,00;0,91;V;0;0
307;2;26/07/2026;1528;101983520271A;3619724;;RAMIREZ;78,00;0,00;0,00;0,00;0,00;0,00;0,00;0,00;78,00;0,00;0,00;78,00;10,14;V;0;0
308;2;26/07/2026;1529;101983520271A;5252196;;CAMPOS;21,50;0,00;0,00;0,00;0,00;0,00;0,00;0,00;21,50;0,00;0,00;21,50;2,80;V;0;0
309;2;26/07/2026;1530;101983520271A;5318564;;ANGULO;190,50;0,00;0,00;0,00;0,00;0,00;0,00;0,00;190,50;0,00;0,00;190,50;24,77;V;0;0
310;2;26/07/2026;1531;101983520271A;8059206;;FLORES;6,00;0,00;0,00;0,00;0,00;0,00;0,00;0,00;6,00;0,00;0,00;6,00;0,78;V;0;0
311;2;26/07/2026;1532;101983520271A;0;;MENDOZA;10,00;0,00;0,00;0,00;0,00;0,00;0,00;0,00;10,00;0,00;0,00;10,00;1,30;V;0;0
312;2;26/07/2026;1533;101983520271A;0;;MAMANI;12,00;0,00;0,00;0,00;0,00;0,00;0,00;0,00;12,00;0,00;0,00;12,00;1,56;V;0;0
313;2;26/07/2026;1534;101983520271A;0;;OSCAR PEÑALOZA;13,00;0,00;0,00;0,00;0,00;0,00;0,00;0,00;13,00;0,00;0,00;13,00;1,69;V;0;0
314;2;26/07/2026;1535;101983520271A;9415332;;VENTURA;34,00;0,00;0,00;0,00;0,00;0,00;0,00;0,00;34,00;0,00;0,00;34,00;4,42;V;0;0
315;2;26/07/2026;1536;101983520271A;0;;ANGULO HERBAS;21,00;0,00;0,00;0,00;0,00;0,00;0,00;0,00;21,00;0,00;0,00;21,00;2,73;V;0;0
316;2;26/07/2026;1537;101983520271A;3753401;;CISNEROS;30,00;0,00;0,00;0,00;0,00;0,00;0,00;0,00;30,00;0,00;0,00;30,00;3,90;V;0;0
317;2;26/07/2026;1538;101983520271A;0;;CACERES;20,00;0,00;0,00;0,00;0,00;0,00;0,00;0,00;20,00;0,00;0,00;20,00;2,60;V;0;0
318;2;26/07/2026;1539;101983520271A;3864510;;VARGAS;555,00;0,00;0,00;0,00;0,00;0,00;0,00;0,00;555,00;0,00;0,00;555,00;72,15;V;0;0
319;2;26/07/2026;1540;101983520271A;99003;;VENTAS MENORES DEL DIA;100,00;0,00;0,00;0,00;0,00;0,00;0,00;0,00;100,00;0,00;0,00;100,00;13,00;V;0;0
320;2;27/07/2026;1541;101983520271A;8740003;;TITO OMAR;20,00;0,00;0,00;0,00;0,00;0,00;0,00;0,00;20,00;0,00;0,00;20,00;2,60;V;0;0
321;2;27/07/2026;1542;101983520271A;3554025;;SEJAS;20,50;0,00;0,00;0,00;0,00;0,00;0,00;0,00;20,50;0,00;0,00;20,50;2,67;V;0;0
322;2;27/07/2026;1543;101983520271A;65379911;;HERRERA;22,00;0,00;0,00;0,00;0,00;0,00;0,00;0,00;22,00;0,00;0,00;22,00;2,86;V;0;0
323;2;27/07/2026;1544;101983520271A;3057506;;CORTEZ;29,00;0,00;0,00;0,00;0,00;0,00;0,00;0,00;29,00;0,00;0,00;29,00;3,77;V;0;0
324;2;27/07/2026;1545;101983520271A;0;;VIVIANA TORRICO;7,00;0,00;0,00;0,00;0,00;0,00;0,00;0,00;7,00;0,00;0,00;7,00;0,91;V;0;0
325;2;27/07/2026;1546;101983520271A;0;;JIMENEZ;6,50;0,00;0,00;0,00;0,00;0,00;0,00;0,00;6,50;0,00;0,00;6,50;0,85;V;0;0
326;2;27/07/2026;1547;101983520271A;9411318;;HERRERA;113,00;0,00;0,00;0,00;0,00;0,00;0,00;0,00;113,00;0,00;0,00;113,00;14,69;V;0;0
327;2;27/07/2026;1548;101983520271A;9411318;;HERRERA;53,00;0,00;0,00;0,00;0,00;0,00;0,00;0,00;53,00;0,00;0,00;53,00;6,89;V;0;0
328;2;27/07/2026;1549;101983520271A;0;;MONTECINOS CARMEN;14,00;0,00;0,00;0,00;0,00;0,00;0,00;0,00;14,00;0,00;0,00;14,00;1,82;V;0;0
329;2;27/07/2026;1550;101983520271A;0;;CARRASCO;15,00;0,00;0,00;0,00;0,00;0,00;0,00;0,00;15,00;0,00;0,00;15,00;1,95;V;0;0
330;2;27/07/2026;1551;101983520271A;13035572;;PINOLA;29,00;0,00;0,00;0,00;0,00;0,00;0,00;0,00;29,00;0,00;0,00;29,00;3,77;V;0;0
331;2;27/07/2026;1552;101983520271A;6445821;;MARIEL ALEJANDRA PAZ ARNEZ;128,00;0,00;0,00;0,00;0,00;0,00;0,00;0,00;128,00;0,00;0,00;128,00;16,64;V;0;0
332;2;27/07/2026;1553;101983520271A;99003;;VENTAS MENORES DEL DIA;71,00;0,00;0,00;0,00;0,00;0,00;0,00;0,00;71,00;0,00;0,00;71,00;9,23;V;0;0
333;2;28/07/2026;1554;101983520271A;0;;COSSIO;148,00;0,00;0,00;0,00;0,00;0,00;0,00;0,00;148,00;0,00;0,00;148,00;19,24;V;0;0
334;2;28/07/2026;1555;101983520271A;9317481;;FUENTES;60,50;0,00;0,00;0,00;0,00;0,00;0,00;0,00;60,50;0,00;0,00;60,50;7,87;V;0;0
335;2;28/07/2026;1556;101983520271A;0;;MARTINEZ;37,00;0,00;0,00;0,00;0,00;0,00;0,00;0,00;37,00;0,00;0,00;37,00;4,81;V;0;0
336;2;28/07/2026;1557;101983520271A;99003;;VENTAS MENORES DEL DIA;85,50;0,00;0,00;0,00;0,00;0,00;0,00;0,00;85,50;0,00;0,00;85,50;11,12;V;0;0
337;2;29/07/2026;1558;101983520271A;3806435;;ROJAS;11,50;0,00;0,00;0,00;0,00;0,00;0,00;0,00;11,50;0,00;0,00;11,50;1,50;V;0;0
338;2;29/07/2026;1559;101983520271A;2773154;;CADIMA;28,50;0,00;0,00;0,00;0,00;0,00;0,00;0,00;28,50;0,00;0,00;28,50;3,71;V;0;0
339;2;29/07/2026;1560;101983520271A;3768750;;QUIÑONES;34,00;0,00;0,00;0,00;0,00;0,00;0,00;0,00;34,00;0,00;0,00;34,00;4,42;V;0;0
340;2;29/07/2026;1561;101983520271A;8814117;;ROJAS;45,00;0,00;0,00;0,00;0,00;0,00;0,00;0,00;45,00;0,00;0,00;45,00;5,85;V;0;0
341;2;29/07/2026;1562;101983520271A;0;;MAMANI QUIROZ WENDY;25,00;0,00;0,00;0,00;0,00;0,00;0,00;0,00;25,00;0,00;0,00;25,00;3,25;V;0;0
342;2;29/07/2026;1563;101983520271A;0;;BLANCO DENNIS;28,00;0,00;0,00;0,00;0,00;0,00;0,00;0,00;28,00;0,00;0,00;28,00;3,64;V;0;0
343;2;29/07/2026;1564;101983520271A;13110984;;CUELLAR;94,00;0,00;0,00;0,00;0,00;0,00;0,00;0,00;94,00;0,00;0,00;94,00;12,22;V;0;0
344;2;29/07/2026;1565;101983520271A;12841112;;TORRICO;260,00;0,00;0,00;0,00;0,00;0,00;0,00;0,00;260,00;0,00;0,00;260,00;33,80;V;0;0
345;2;29/07/2026;1566;101983520271A;5927654;;QUISPE QUIROGA RAUL;58,00;0,00;0,00;0,00;0,00;0,00;0,00;0,00;58,00;0,00;0,00;58,00;7,54;V;0;0
346;2;29/07/2026;1567;101983520271A;4488266;;ZELAYA;28,00;0,00;0,00;0,00;0,00;0,00;0,00;0,00;28,00;0,00;0,00;28,00;3,64;V;0;0
347;2;29/07/2026;1568;101983520271A;0;;TORRICO VIVIANA;10,00;0,00;0,00;0,00;0,00;0,00;0,00;0,00;10,00;0,00;0,00;10,00;1,30;V;0;0
348;2;29/07/2026;1569;101983520271A;6445821;;MARIEL ALEJANDRA PAZ ARNEZ;211,00;0,00;0,00;0,00;0,00;0,00;0,00;0,00;211,00;0,00;0,00;211,00;27,43;V;0;0
349;2;29/07/2026;1570;101983520271A;99003;;VENTAS MENORES DEL DIA;71,00;0,00;0,00;0,00;0,00;0,00;0,00;0,00;71,00;0,00;0,00;71,00;9,23;V;0;0
350;2;30/07/2026;1571;101983520271A;16670996;;WENDY QUIROZ;30,00;0,00;0,00;0,00;0,00;0,00;0,00;0,00;30,00;0,00;0,00;30,00;3,90;V;0;0
351;2;30/07/2026;1572;101983520271A;4462620;;GUTIERREZ;196,00;0,00;0,00;0,00;0,00;0,00;0,00;0,00;196,00;0,00;0,00;196,00;25,48;V;0;0
352;2;30/07/2026;1573;101983520271A;0;;SANTOS;15,00;0,00;0,00;0,00;0,00;0,00;0,00;0,00;15,00;0,00;0,00;15,00;1,95;V;0;0
353;2;30/07/2026;1574;101983520271A;8814117;;ROJAS;35,00;0,00;0,00;0,00;0,00;0,00;0,00;0,00;35,00;0,00;0,00;35,00;4,55;V;0;0
354;2;30/07/2026;1575;101983520271A;0;;CACERES;9,00;0,00;0,00;0,00;0,00;0,00;0,00;0,00;9,00;0,00;0,00;9,00;1,17;V;0;0
355;2;30/07/2026;1576;101983520271A;0;;TORRICO;10,00;0,00;0,00;0,00;0,00;0,00;0,00;0,00;10,00;0,00;0,00;10,00;1,30;V;0;0
356;2;30/07/2026;1577;101983520271A;8772625;;RICHARD MAMANI;34,00;0,00;0,00;0,00;0,00;0,00;0,00;0,00;34,00;0,00;0,00;34,00;4,42;V;0;0
357;2;30/07/2026;1578;101983520271A;12812919;;LEDEZMA;28,00;0,00;0,00;0,00;0,00;0,00;0,00;0,00;28,00;0,00;0,00;28,00;3,64;V;0;0
358;2;30/07/2026;1579;101983520271A;579690;;TERCEROS;38,00;0,00;0,00;0,00;0,00;0,00;0,00;0,00;38,00;0,00;0,00;38,00;4,94;V;0;0
359;2;30/07/2026;1580;101983520271A;7512059;;GUTIERREZ HERIBERTO;196,00;0,00;0,00;0,00;0,00;0,00;0,00;0,00;196,00;0,00;0,00;196,00;25,48;V;0;0
360;2;30/07/2026;1581;101983520271A;7875685;;CHOQUE JULIO;715,00;0,00;0,00;0,00;0,00;0,00;0,00;0,00;715,00;0,00;0,00;715,00;92,95;V;0;0
361;2;30/07/2026;1582;101983520271A;99003;;VENTAS MENORES DEL DIA;78,00;0,00;0,00;0,00;0,00;0,00;0,00;0,00;78,00;0,00;0,00;78,00;10,14;V;0;0
362;2;31/07/2026;1583;101983520271A;5318564;;ANGULO;172,00;0,00;0,00;0,00;0,00;0,00;0,00;0,00;172,00;0,00;0,00;172,00;22,36;V;0;0
363;2;31/07/2026;1584;101983520271A;5318564;;ANGULO;78,00;0,00;0,00;0,00;0,00;0,00;0,00;0,00;78,00;0,00;0,00;78,00;10,14;V;0;0
364;2;31/07/2026;1585;101983520271A;0;;LOPEZ ANGHELO;32,00;0,00;0,00;0,00;0,00;0,00;0,00;0,00;32,00;0,00;0,00;32,00;4,16;V;0;0
365;2;31/07/2026;1586;101983520271A;0;;SANDOVAL CLARA;16,00;0,00;0,00;0,00;0,00;0,00;0,00;0,00;16,00;0,00;0,00;16,00;2,08;V;0;0
366;2;31/07/2026;1587;101983520271A;4488266;;ZELAYA;32,00;0,00;0,00;0,00;0,00;0,00;0,00;0,00;32,00;0,00;0,00;32,00;4,16;V;0;0
367;2;31/07/2026;1588;101983520271A;3588099;;GONZALES;16,00;0,00;0,00;0,00;0,00;0,00;0,00;0,00;16,00;0,00;0,00;16,00;2,08;V;0;0
368;2;31/07/2026;1589;101983520271A;3588099;;GONZALES;18,00;0,00;0,00;0,00;0,00;0,00;0,00;0,00;18,00;0,00;0,00;18,00;2,34;V;0;0
369;2;31/07/2026;1590;101983520271A;12716593;;TAPIA;58,00;0,00;0,00;0,00;0,00;0,00;0,00;0,00;58,00;0,00;0,00;58,00;7,54;V;0;0
370;2;31/07/2026;1591;101983520271A;14271017;;DAVID;36,00;0,00;0,00;0,00;0,00;0,00;0,00;0,00;36,00;0,00;0,00;36,00;4,68;V;0;0
371;2;31/07/2026;1592;101983520271A;0;;NAVIA;75,00;0,00;0,00;0,00;0,00;0,00;0,00;0,00;75,00;0,00;0,00;75,00;9,75;V;0;0
372;2;31/07/2026;1593;101983520271A;4419180;;TORDOYA;10,00;0,00;0,00;0,00;0,00;0,00;0,00;0,00;10,00;0,00;0,00;10,00;1,30;V;0;0
373;2;31/07/2026;1594;101983520271A;9356644;;JHONATAN COCAURE;10,00;0,00;0,00;0,00;0,00;0,00;0,00;0,00;10,00;0,00;0,00;10,00;1,30;V;0;0
374;2;31/07/2026;1595;101983520271A;3741620;;TAPIA;20,00;0,00;0,00;0,00;0,00;0,00;0,00;0,00;20,00;0,00;0,00;20,00;2,60;V;0;0
375;2;31/07/2026;1596;101983520271A;14735567;;FERNANDEZ;21,00;0,00;0,00;0,00;0,00;0,00;0,00;0,00;21,00;0,00;0,00;21,00;2,73;V;0;0
376;2;31/07/2026;1597;101983520271A;9356644;;JHONATAN COCAURE;565,00;0,00;0,00;0,00;0,00;0,00;0,00;0,00;565,00;0,00;0,00;565,00;73,45;V;0;0
377;2;31/07/2026;1598;101983520271A;0;;MAX WILLIAM ROCHA AVILES;10,00;0,00;0,00;0,00;0,00;0,00;0,00;0,00;10,00;0,00;0,00;10,00;1,30;V;0;0
378;2;31/07/2026;1599;101983520271A;99003;;VENTAS MENORES DEL DIA;78,50;0,00;0,00;0,00;0,00;0,00;0,00;0,00;78,50;0,00;0,00;78,50;10,21;V;0;0
